time,cycle,phase,x,y,z,xy_distance,roll_degrees,pitch_degrees,yaw_degrees,tilt_degrees,left_leg_hinge,right_leg_hinge,ctrl
0.002,0,initial_settle,4.422172043038064e-23,-1.5876951149000308e-22,0.07798038,1.6481297987900396e-22,1.1198550723566964e-18,0.0,0.0,1.1198550723566964e-18,-8.326672684688674e-23,-8.326672684688674e-23,"[0.0, 0.0]"
0.022000000000000006,0,initial_settle,1.2486757545688455e-05,1.8643850461971751e-07,0.07620817412774733,1.2488149315283367e-05,-0.0001598193045427147,0.014104878162660883,1.2687378736007975e-05,0.014104878162660883,-6.512055524463007e-05,-6.481643027617959e-05,"[0.0, 0.0]"
0.04200000000000002,0,initial_settle,0.00010829317832882094,1.1592372517269573e-06,0.07567756714022589,0.00010829938274784212,-0.0009232622611505777,0.12055880388607618,8.241501153859585e-05,0.12055880388607618,-0.0006425768330199771,-0.0006402758090403797,"[0.0, 0.0]"
0.06200000000000004,0,initial_settle,0.00021859035716988883,1.7475721590492415e-06,0.07580104408798645,0.00021859734274714014,-0.0013412263229414662,0.2500005260842211,0.0001339940674156781,0.2500005260842211,-0.00152912529847731,-0.0015249870275572952,"[0.0, 0.0]"
0.08200000000000006,0,initial_settle,0.00030576988053203347,1.949394663461914e-06,0.07596550658538735,0.00030577609452036626,-0.0014708160004274478,0.36827477799794156,0.00015986557037549472,0.36827477799794156,-0.0025734198605029015,-0.002568106425763042,"[0.0, 0.0]"
0.10200000000000008,0,initial_settle,0.0003633827367678773,1.9888871660002024e-06,0.07606998480255199,0.00036338817957257705,-0.0014909099744110916,0.46876090713857577,0.00017085940851541977,0.46876090713857577,-0.0037093306669818277,-0.0037033204985129162,"[0.0, 0.0]"
0.1220000000000001,0,initial_settle,0.0003961601932426397,1.986351109443654e-06,0.07612450037893922,0.00039616517300335174,-0.001486400338542415,0.5536911885431599,0.00017617689391928785,0.5536911885431599,-0.0048982902149618986,-0.004891817996997408,"[0.0, 0.0]"
0.1420000000000001,0,initial_settle,0.0004118845615601091,1.981566757406179e-06,0.07615038139989647,0.0004118893281676249,-0.0014825854014427918,0.6277823801014722,0.00018102570676868646,0.6277823801014722,-0.006115180926648984,-0.006108320674575837,"[0.0, 0.0]"
0.16200000000000012,0,initial_settle,0.0004179425041266982,1.9814257206825264e-06,0.07616199009555019,0.0004179472009758909,-0.0014826933536709018,0.6957269364638571,0.00018750091612526807,0.6957269364638571,-0.007344389100761442,-0.00733713871156414,"[0.0, 0.0]"
0.18200000000000013,0,initial_settle,0.00041998093768538146,1.9841409787095332e-06,0.07616698759271676,0.0004199856245569789,-0.0014848485075723654,0.7612034967668043,0.00019583139653831376,0.7612034967668043,-0.00857746594647119,-0.008569802983907974,"[0.0, 0.0]"
0.20200000000000015,0,initial_settle,0.0004216340484755054,1.987427876038611e-06,0.07616905102748166,0.00042163873245161824,-0.001487295918098575,0.8266265124310476,0.0002053687166962708,0.8266265124310476,-0.009810910598920591,-0.009802821013648379,"[0.0, 0.0]"
0.22200000000000017,0,initial_settle,0.0004247920828604162,1.9901203516675404e-06,0.07616984207354699,0.0004247967446201828,-0.0014892243408256372,0.893277044874296,0.0002152296525114206,0.893277044874296,-0.011044178742454992,-0.011035666955263453,"[0.0, 0.0]"
0.2420000000000002,0,initial_settle,0.00043008565118702094,1.9919251325843067e-06,0.07617008432004659,0.00043009026392456,-0.0014904670700031453,0.9615975070626951,0.00022464488491439678,0.9615975070626951,-0.012278144241686047,-0.012269232566659152,"[0.0, 0.0]"
0.2620000000000002,0,initial_settle,0.00043738434359598155,1.9929609338804597e-06,0.07617008640516514,0.00043738888407934145,-0.0014911406470235855,1.0315121613304965,0.00023309854674033426,1.0315121613304965,-0.013514084224257726,-0.013504807511335053,"[0.0, 0.0]"
0.2820000000000002,0,initial_settle,0.0004462034660906638,1.9934630132134142e-06,0.0761699792677958,0.0004462079190759698,-0.0014914315139770676,1.1026966655214003,0.00024033925823014116,1.1026966655214003,-0.014753124678037122,-0.014743523913926767,"[0.0, 0.0]"
0.3020000000000002,0,initial_settle,0.0004559820187779213,1.99364916382767e-06,0.07616981903413027,0.00045598637708354513,-0.0014915043278115668,1.1747667834260822,0.00024632655272401147,1.1747667834260822,-0.01599602227641907,-0.01598613914763958,"[0.0, 0.0]"
0.32200000000000023,0,initial_settle,0.0004662386319268917,1.9936782657843524e-06,0.07616963029692803,0.00046624289448107093,-0.0014914761100170237,1.247387062353117,0.00025115677390496083,1.247387062353117,-0.01724315223700547,-0.017233025427843864,"[0.0, 0.0]"
0.34200000000000025,0,initial_settle,0.0004766335895923988,1.993649925686811e-06,0.07616942402368322,0.000476637759066318,-0.001491418481780844,1.3203162102618218,0.00025499441280391977,1.3203162102618218,-0.018494595930585278,-0.018484259169358655,"[0.0, 0.0]"
0.36200000000000027,0,initial_settle,0.0004869704780650628,1.993617892197865e-06,0.0761692050046461,0.0004869745589034564,-0.0014913687849529922,1.3934107651874355,0.0002580207456726536,1.3934107651874355,-0.019750255767465988,-0.01973973725397889,"[0.0, 0.0]"
0.3820000000000003,0,initial_settle,0.0004971669444621006,1.9936052698556293e-06,0.07616897507688537,0.0004971709415560743,-0.0014913418897655607,1.466606719211309,0.0002604021684977324,1.466606719211309,-0.02100995658574299,-0.020999279317443383,"[0.0, 0.0]"
0.4020000000000003,0,initial_settle,0.0005072159288060096,1.9936171900133574e-06,0.07616873463629523,0.0005072198467568509,-0.0014913398002653693,1.5398937081748543,0.0002622753509375637,1.5398937081748543,-0.022273516849278457,-0.02226269940545685,"[0.0, 0.0]"
0.4220000000000003,0,initial_settle,0.0005171501851889457,1.9936499153399014e-06,0.07616848341655476,0.0005171540280041777,-0.0014913584460780694,1.6132907663742573,0.0002637442453347068,1.6132907663742573,-0.023540788278936048,-0.023529845735467098,"[0.0, 0.0]"
0.44200000000000034,0,initial_settle,0.0005270159042256398,1.993696653322388e-06,0.07616822091315345,0.0005270196752808325,-0.0014913919401667304,1.6868279104311643,0.0002648839473670503,1.6868279104311643,-0.024811670325779387,-0.024800615099118305,"[0.0, 0.0]"
0.46200000000000035,0,initial_settle,0.0005368564827085882,1.993750788080432e-06,0.07616794660817637,0.0005368601848418651,-0.0014914348772594615,1.760534514100074,0.0002657474194768384,1.760534514100074,-0.02608610832268127,-0.02607495084863462,"[0.0, 0.0]"
0.4820000000000004,0,initial_settle,0.0005467048483720712,1.9938073076787455e-06,0.07616766007295982,0.0005467084840215209,-0.0014914832837353074,1.8344335519478998,0.00026637243215105953,1.8344335519478998,-0.02736408341610306,-0.02735283264366718,"[0.0, 0.0]"
0.5020000000000003,0,initial_settle,0.000556581740801657,1.993863113555495e-06,0.07616736099662408,0.0005565853121345536,-0.0014915347503747717,1.9085400218402355,0.00026678731274711677,1.9085400218402355,-0.02864560023639314,-0.028634263959839687,"[0.0, 0.0]"
0.5220000000000004,0,initial_settle,0.0005664973814636363,1.9939167445825184e-06,0.07616704917417767,0.0005665008904751528,-0.001491588153967718,1.9828618168933567,0.0002670150148787558,1.9828618168933567,-0.029930675882507893,-0.029919260952562084,"[0.0, 0.0]"
0.5420000000000004,0,initial_settle,0.0005764545188803672,1.993967882547333e-06,0.07616672447755796,0.000576457967457743,-0.0014916432421323972,2.0574016577024934,0.00026707559448126063,2.0574016577024934,-0.03121933180935681,-0.031207844265391846,"[0.0, 0.0]"
0.5620000000000004,0,initial_settle,0.0005864515372487977,1.994016858528432e-06,0.07616638682432125,0.0005864549272064394,-0.0014917002408642217,2.1321591581288994,0.0002669874542309107,2.1321591581288994,-0.03251158884575242,-0.03250003400326262,"[0.0, 0.0]"
0.5820000000000004,0,initial_settle,0.0005964849481048599,1.994064265974346e-06,0.07616603615175309,0.0005964882811991818,-0.0014917595574640702,2.2071325262594743,0.0002667677845876117,2.2071325262594743,-0.033807464820996065,-0.03379584733803355,"[0.0, 0.0]"
0.6020000000000004,0,initial_settle,0.0006065510478862669,1.9941107096954393e-06,0.07616567239919166,0.0006065543258187604,-0.0014918215943428416,2.2823197238043544,0.0002664325759298935,2.2823197238043544,-0.03510697399943256,-0.03509529793577638,"[0.0, 0.0]"
0.6220000000000004,0,initial_settle,0.0006166468052103038,1.994156676395417e-06,0.07616529549828246,0.0006166500296253333,-0.0014918866578757586,2.3577191075034896,0.00026599647221240964,2.3577191075034896,-0.03641012754401742,-0.036398396419281095,"[0.0, 0.0]"
0.6420000000000005,0,initial_settle,0.0006267701712295061,1.994202493856409e-06,0.07616490536937133,0.0006267733437109868,-0.0014919549342839022,2.433329672928081,0.00026547262848806253,2.433329672928081,-0.037716934401399574,-0.037705151253448414,"[0.0, 0.0]"
0.6620000000000005,0,initial_settle,0.0006369200319020602,1.9942483434846105e-06,0.07616450192183695,0.0006369231539711654,-0.0014920265042586366,2.5091510450656362,0.00026487264687384115,2.5091510450656362,-0.039027402213717456,-0.03901556965628931,"[0.0, 0.0]"
0.6820000000000005,0,initial_settle,0.0006470959882425029,1.9942942972242203e-06,0.07616408505640646,0.0006470990613571352,-0.0014921013739385206,2.585183342067707,0.0002642066062787772,2.585183342067707,-0.04034153805207918,-0.0403296583297057,"[0.0, 0.0]"
0.7020000000000005,0,initial_settle,0.0006572980950783827,1.9943403590550585e-06,0.07616365466802655,0.0006573011206343241,-0.001492179507483695,2.6614270029482587,0.0002634831686990541,2.6614270029482587,-0.04165934890549788,-0.041647423944017034,"[0.0, 0.0]"
0.7220000000000005,0,initial_settle,0.0006675266333280024,1.9943865000926507e-06,0.07616321064843357,0.000667529612661288,-0.0014922608534544077,2.7378826329382036,0.000262709732653444,2.7378826329382036,-0.04298084194313765,-0.04296887339471862,"[0.0, 0.0]"
0.7420000000000005,0,initial_settle,0.0006777819469192358,1.9944326830971792e-06,0.07616275288803721,0.0006777848813092227,-0.0014923453623844958,2.814550890117165,0.00026189260487741406,2.814550890117165,-0.04430602460654769,-0.04429401388884698,"[0.0, 0.0]"
0.7620000000000006,0,initial_settle,0.0006880643466530796,1.994478876480339e-06,0.0761622812770601,0.0006880672373257704,-0.0014924329960856986,2.89143241670811,0.00026103716824603786,2.89143241670811,-0.0456349045963378,-0.045622852925970944,"[0.0, 0.0]"
0.7820000000000006,0,initial_settle,0.0006983740681874122,1.994525060061616e-06,0.07616179570605502,0.0006983769163187251,-0.001492523730708209,2.9685278074238766,0.00026014803245193516,2.9685278074238766,-0.04696748980816444,-0.04695539822904057,"[0.0, 0.0]"
0.8020000000000006,0,initial_settle,0.0007087112663083536,1.994571225428527e-06,0.07616129606599233,0.0007087140730271718,-0.0014926175558943183,3.0458376032541508,0.0002592291615406057,3.0458376032541508,-0.04830378825651987,-0.048291657663755046,"[0.0, 0.0]"
0.8220000000000006,0,initial_settle,0.0007190760288394893,1.994617373523066e-06,0.07616078224810549,0.0007190787952304231,-0.0014927144720772736,3.123362299474512,0.00025828397784260717,3.123362299474512,-0.04964380800842834,-0.04963163916857502,"[0.0, 0.0]"
0.8420000000000006,0,initial_settle,0.000729468397621464,1.9946635112991843e-06,0.07616025414364269,0.0007294711247273258,-0.0014928144873099715,3.2011023592037926,0.0002573154450174293,3.2011023592037926,-0.050987557136194114,-0.05097535070445445,"[0.0, 0.0]"
0.8620000000000007,0,initial_settle,0.0007398883886968703,1.9947096486375833e-06,0.07615971164362044,0.0007398910775208966,-0.0014929176144808849,3.279058226942217,0.00025632613423127933,3.279058226942217,-0.052335043689845054,-0.052322800224825154,"[0.0, 0.0]"
0.8820000000000007,0,initial_settle,0.0007503360078697231,1.9947557960411134e-06,0.07615915463862913,0.00075033865937759,-0.0014930238692556091,3.357230339265338,0.00025531827755146357,3.357230339265338,-0.0536862756854603,-0.05367399566190468,"[0.0, 0.0]"
0.9020000000000007,0,initial_settle,0.0007608112606600755,1.994801963216569e-06,0.07615858301870512,0.0007608138757817484,-0.0014931332687750571,3.4356191318332847,0.00025429381201553635,3.4356191318332847,-0.05504126110410429,-0.055028944923946325,"[0.0, 0.0]"
0.9220000000000007,0,initial_settle,0.000771314157328129,1.9948481584058524e-06,0.07615799667326369,0.0007713167369595819,-0.0014932458309680843,3.5142250430587847,0.0002532544169668739,3.5142250430587847,-0.05640000789644972,-0.056387655898432344,"[0.0, 0.0]"
0.9420000000000007,0,initial_settle,0.0007818447143415419,1.994894388253285e-06,0.07615739549107724,0.0007818472593463685,-0.0014933615742941024,3.593048515307335,0.0002522015464144188,3.593048515307335,-0.05776252398938483,-0.05775013645744722,"[0.0, 0.0]"
0.9620000000000007,0,initial_settle,0.0007924029537277473,1.9949406579737073e-06,0.07615677936028144,0.000792405464938681,-0.0014934805177232,3.6720899945893994,0.0002511364575142144,3.6720899945893994,-0.0591288172922933,-0.05911639446287964,"[0.0, 0.0]"
0.9820000000000008,0,initial_settle,0.0008029889014861423,1.994986971650946e-06,0.07615614816839424,0.0008029913797064939,-0.0014936026808214872,3.751349929547742,0.000250060235815591,3.751349929547742,-0.060498895701887816,-0.06048643777030856,"[0.0, 0.0]"
1.0000000000000007,0,initial_settle,0.0008125399684431358,1.995028694245283e-06,0.07615556712501556,0.0008125424176355738,-0.0014937153971515045,3.8228710226184153,0.00024908289437793974,3.8228710226184153,-0.06173520905563827,-0.06172271966956922,"[0.0, 0.0]"
1.0020000000000007,1,left_nudge,0.0008136205992702879,1.9956937858603445e-06,0.07615550136271293,0.0008136230468408756,-0.0014944406208646428,3.8307414995090423,0.0001748232546236784,3.8307414995090423,-0.06186928185815028,-0.06185980101530611,"[0.08, 0.0]"
1.0220000000000007,1,left_nudge,0.0008254225691613836,2.0116429876500407e-06,0.07615484902173396,0.0008254250204521843,-0.0015517053846813703,3.9008913131029983,-0.006741257657288835,3.9008913131029983,-0.06291096086100188,-0.06317103177089937,"[0.08, 0.0]"
1.0420000000000007,1,left_nudge,0.0008365831602195425,1.965013748092955e-06,0.07615429574678646,0.0008365854679839633,-0.001636374520952854,3.958474480368886,-0.01967555729779271,3.958474480368886,-0.06361238309831005,-0.0643633195240072,"[0.08, 0.0]"
1.0620000000000007,1,left_nudge,0.0008454125770805439,1.8630013216056658e-06,0.07615384998935085,0.0008454146297881833,-0.001715214477217441,4.007093398636109,-0.034197176837992845,4.007093398636109,-0.06414974988897933,-0.06544553820281085,"[0.08, 0.0]"
1.0820000000000007,1,left_nudge,0.0008517792285250239,1.741379453643104e-06,0.07615347860892095,0.0008517810085632847,-0.0017858400657858574,4.049570236412162,-0.048331163467497114,4.049570236412162,-0.06461315063528728,-0.0664366365582064,"[0.08, 0.0]"
1.1020000000000008,1,left_nudge,0.0008562858477311406,1.6223906258213212e-06,0.07615315022199416,0.000856287384688097,-0.0018502170761933784,4.088082537591266,-0.06129959848857404,4.088082537591266,-0.06504869951687672,-0.06735524061330207,"[0.08, 0.0]"
1.1220000000000008,1,left_nudge,0.0008597230121695345,1.5148447702983515e-06,0.0761528420960224,0.0008597243467580384,-0.0019092071221144544,4.1242461620896576,-0.07287057746302365,4.1242461620896576,-0.06547984074244566,-0.06821687980944639,"[0.08, 0.0]"
1.1420000000000008,1,left_nudge,0.0008627747568233045,1.4203846845759417e-06,0.07615253949430283,0.0008627759260110149,-0.001962905624387424,4.159188411299085,-0.08305017169043416,4.159188411299085,-0.06591825719105465,-0.069033795363863,"[0.08, 0.0]"
1.1620000000000008,1,left_nudge,0.0008659057150878344,1.337885974115891e-06,0.0761522339318518,0.000865906748651755,-0.0020113532788447485,4.193633973922624,-0.09194029628421228,4.193633973922624,-0.06636948150419787,-0.06981546261617894,"[0.08, 0.0]"
1.1820000000000008,1,left_nudge,0.0008693584831558717,1.2655696757113866e-06,0.0761519214335844,0.0008693594043326858,-0.0020547657739111596,4.228000516200036,-0.09967432693348126,4.228000516200036,-0.0668357948486143,-0.07056919123441101,"[0.08, 0.0]"
1.2020000000000008,1,left_nudge,0.0008732040508139162,1.2017710613526527e-06,0.07615160097260278,0.000873204877798742,-0.0020934916623031323,4.26249199280171,-0.1063888065587161,4.26249199280171,-0.06731773894525057,-0.07130063045562787,"[0.08, 0.0]"
1.2220000000000009,1,left_nudge,0.000877406524087927,1.145117308247159e-06,0.07615127318052939,0.0008774072713430792,-0.0021279215239356224,4.297179010167679,-0.11221177859988886,4.297179010167679,-0.06781492104782702,-0.07201416146752161,"[0.08, 0.0]"
1.2420000000000009,1,left_nudge,0.0008818802899825566,1.0945065790022043e-06,0.07615093938890502,0.000881880969181425,-0.0021584339659426834,4.332060461043693,-0.11725868289999931,4.332060461043693,-0.0683264574866823,-0.07271319812375976,"[0.08, 0.0]"
1.262000000000001,1,left_nudge,0.0008865306138626665,1.0490476461461844e-06,0.07615060100480274,0.0008865312345409383,-0.002185382011069913,4.367105561811341,-0.12163160473826871,4.367105561811341,-0.0688512291033516,-0.07340041884832048,"[0.08, 0.0]"
1.282000000000001,1,left_nudge,0.0008912768663483121,1.008008131774788e-06,0.07615025917397156,0.0008912774363620234,-0.0022090992760393884,4.402278836578666,-0.12541993256956818,4.402278836578666,-0.06938803437275574,-0.07407794612804473,"[0.08, 0.0]"
1.302000000000001,1,left_nudge,0.0008960617908574682,9.707780038247943e-07,0.07614991465774837,0.0008960623167194488,-0.0022299085471390776,4.437552235686638,-0.12870153629604983,4.437552235686638,-0.06993568274235139,-0.07474748447578819,"[0.08, 0.0]"
1.322000000000001,1,left_nudge,0.0009008515759007876,9.36844212663223e-07,0.07614956784557403,0.0009008520630381057,-0.0022481249501204656,4.47290880168832,-0.131544069566381,4.47290880168832,-0.07049305010027541,-0.07541042466939037,"[0.08, 0.0]"
1.342000000000001,1,left_nudge,0.0009056311421233446,9.057720423455316e-07,0.07614921883601315,0.0009056315950797135,-0.002264053155490419,4.508341647795918,-0.1340062273347544,4.508341647795918,-0.07105910879787698,-0.07606792069613527,"[0.08, 0.0]"
1.362000000000001,1,left_nudge,0.0009103979248124038,8.771905746880686e-07,0.07614886753754896,0.0009103983474095477,-0.0022779813127285805,4.5438509939013905,-0.13613889425687317,4.5438509939013905,-0.07163294029163159,-0.07672094518564518,"[0.08, 0.0]"
1.382000000000001,1,left_nudge,0.0009151561566351926,8.507810682450912e-07,0.07614851375962241,0.0009151565521022746,-0.0022901747630491485,4.579440971494306,-0.13798616625550159,4.579440971494306,-0.07221373625892957,-0.07737032856952188,"[0.08, 0.0]"
1.402000000000001,1,left_nudge,0.0009199125783521706,8.2626770998442e-07,0.07614815728039527,0.0009199129494299268,-0.002300871572822403,4.615117061083019,-0.13958624760840538,4.615117061083019,-0.07280079263345254,-0.0780167865133688,"[0.08, 0.0]"
1.422000000000001,1,left_nudge,0.0009246737584811177,8.034103809810031e-07,0.07614779788886075,0.0009246741075059022,-0.00231028066825163,4.650884435881242,-0.14097223367072265,4.650884435881242,-0.07339349987968667,-0.07866093932034916,"[0.08, 0.0]"
1.442000000000001,1,left_nudge,0.0009294447823890096,7.81999078560548e-07,0.07614743540523834,0.0009294451113609196,-0.002318582393945952,4.686747141602919,-0.14217279161750665,4.686747141602919,-0.07399133184358028,-0.07930332610602137,"[0.08, 0.0]"
1.450000000000001,1,left_nudge,0.0009313567361581821,7.737974020246163e-07,0.07614728951270477,0.000931357057604462,-0.0023216283428188784,4.70111956653294,-0.14260677363535712,4.70111956653294,-0.07423179569861121,-0.07955989350254047,"[0.08, 0.0]"
1.452000000000001,1,return_after_left,0.0009318170898517913,7.71246201171451e-07,0.0761472534926766,0.0009318174090241951,-0.0023216178671098425,4.704802434927462,-0.14263725121433726,4.704802434927462,-0.07429551055895794,-0.07962447923772378,"[0.0, 0.0]"
1.472000000000001,1,return_after_left,0.000935450390323768,7.457686991681373e-07,0.07614688290086821,0.0009354506875981452,-0.002267739683593937,4.750363348538223,-0.13668825842521581,4.750363348538223,-0.07523619798679138,-0.08033146749307525,"[0.0, 0.0]"
1.492000000000001,1,return_after_left,0.0009397681804668542,7.888819541720319e-07,0.07614638837236004,0.000939768511577569,-0.002182952543555036,4.808811792995823,-0.12459117769804266,4.808811792995823,-0.07652505629725276,-0.08116049822991488,"[0.0, 0.0]"
1.5120000000000011,1,return_after_left,0.0009464572119991324,8.88849920667719e-07,0.07614574828551147,0.0009464576293735246,-0.002104950633530676,4.876543835985905,-0.11079540947368036,4.876543835985905,-0.07798557113991454,-0.08210304426921448,"[0.0, 0.0]"
1.5320000000000011,1,return_after_left,0.0009556475317578778,1.0102208433386707e-06,0.07614499319872013,0.0009556480657130408,-0.0020374341069838305,4.950736643180184,-0.09729088069674426,4.950736643180184,-0.07952738547756444,-0.08314044670337109,"[0.0, 0.0]"
1.5520000000000012,1,return_after_left,0.0009667359785584678,1.1308030015707738e-06,0.07614415748517811,0.0009667366399153529,-0.0019774408397183934,5.029212734131973,-0.08486820639985831,5.029212734131973,-0.0811041544525758,-0.08425432791780672,"[0.0, 0.0]"
1.5720000000000012,1,return_after_left,0.0009789322700166855,1.2410784012112576e-06,0.07614326842042063,0.0009789330567284051,-0.00192277559672914,5.110356830554753,-0.0737702927992468,5.110356830554753,-0.08269223490019492,-0.08542937435331488,"[0.0, 0.0]"
1.5920000000000012,1,return_after_left,0.0009915530447250913,1.3385456573651664e-06,0.07614234496725708,0.0009915539482086065,-0.001872626216745401,5.193042529764928,-0.0640006828604731,5.193042529764928,-0.08427977293231424,-0.08665353387980056,"[0.0, 0.0]"
1.6120000000000012,1,return_after_left,0.0010041344472155394,1.4237027078521024e-06,0.07614139891701314,0.0010041354565068685,-0.0018268881357465438,5.2765461809082055,-0.05546586760540057,5.2765461809082055,-0.08586108957687162,-0.08791749749324143,"[0.0, 0.0]"
1.6320000000000012,1,return_after_left,0.0010164345712437165,1.4979901675810234e-06,0.07614043655957856,0.001016435675089152,-0.0017856243827634717,5.360451155135838,-0.04803979892563225,5.360451155135838,-0.08743377894184513,-0.08921410215270015,"[0.0, 0.0]"
1.6520000000000012,1,return_after_left,0.001028382922806289,1.5629339699603282e-06,0.07613946037381038,0.0010283841104773064,-0.001748816568330559,5.444554445710272,-0.04159229811524334,5.444554445710272,-0.08899719329722952,-0.09053782796117808,"[0.0, 0.0]"
1.6720000000000013,1,return_after_left,0.0010400156687070876,1.6198683894532227e-06,0.07613847051669953,0.0010400169302130855,-0.0017163019379525623,5.52878626739559,-0.03600083391142784,5.52878626739559,-0.09055163546244517,-0.0918844078143518,"[0.0, 0.0]"
1.6920000000000013,1,return_after_left,0.0010514184997080852,1.6698945974673073e-06,0.07613746598825989,0.001051419825795751,-0.001687795067294178,5.613148426414609,-0.031154733534530573,5.613148426414609,-0.09209791294127707,-0.09325052846343722,"[0.0, 0.0]"
1.7120000000000013,1,return_after_left,0.0010626860919206427,1.7139148494805355e-06,0.07613644543160573,0.0010626874740325492,-0.0016629351336020742,5.697672313451243,-0.026956032780445154,5.697672313451243,-0.09363708049779022,-0.09463360021449212,"[0.0, 0.0]"
1.7320000000000013,1,return_after_left,0.0010738989460164726,1.7526788824694835e-06,0.0761354075986503,0.0010739003762633458,-0.001641331319805743,5.782393959593661,-0.023318906975425047,5.782393959593661,-0.09517028536024452,-0.09603157890132799,"[0.0, 0.0]"
1.7520000000000013,1,return_after_left,0.0010851141764209066,1.7868223659260663e-06,0.07613435155565414,0.0010851156475711655,-0.0016225965978002737,5.867341955119948,-0.020168569998187304,5.867341955119948,-0.0966986724853575,-0.09744282926106684,"[0.0, 0.0]"
1.7720000000000014,1,return_after_left,0.001096365477849338,1.8168941209606247e-06,0.07613327671645309,0.001096366983324495,-0.0016063686957232897,5.952533810867894,-0.017440038287468703,5.952533810867894,-0.09822332792333079,-0.0988660219062991,"[0.0, 0.0]"
1.7920000000000014,1,return_after_left,0.0011076678577107188,1.8433741697815535e-06,0.07613218278247545,0.001107669391575746,-0.0015923205534979037,6.037976994916772,-0.015076929803367658,6.037976994916772,-0.09974524781133738,-0.10030005746039555,"[0.0, 0.0]"
1.8120000000000014,1,return_after_left,0.0011190238568961433,1.8666855761167536e-06,0.07613106964866877,0.001119025413839096,-0.0015801634816732424,6.123671900758866,-0.013030363833181333,6.123671900758866,-0.10126532489024233,-0.10174401207203268,"[0.0, 0.0]"
1.8320000000000014,1,return_after_left,0.0011304292596272302,1.8872025086932443e-06,0.07612993731230334,0.001130430834927408,-0.0015696459479260295,6.209615038818467,-0.011257980715419598,6.209615038818467,-0.1027843466590193,-0.10319709907485335,"[0.0, 0.0]"
1.8520000000000014,1,return_after_left,0.0011418773702232443,1.90525616972353e-06,0.07612878580277986,0.001141878959710277,-0.0015605501870085813,6.2958015913455325,-0.009723080321136692,6.2958015913455325,-0.10430300069917968,-0.10465864225608298,"[0.0, 0.0]"
1.8720000000000014,1,return_after_left,0.0011533616803062374,1.9211395633613427e-06,0.07612761513724732,0.0011533632803137307,-0.0015526880629375974,6.382227060029332,-0.00839387012548164,6.382227060029332,-0.10582188383510754,-0.10612805704813413,"[0.0, 0.0]"
1.8920000000000015,1,return_after_left,0.001164877168825297,1.9351116175306856e-06,0.07612642529905332,0.00116487877614257,-0.0015458969863669347,6.46888807860014,-0.00724281121218411,6.46888807860014,-0.10734151278390448,-0.1076048368583784,"[0.0, 0.0]"
1.9000000000000015,1,return_after_left,0.001169491320151955,1.9402174029764667e-06,0.07612594398423064,0.0011694929295871495,-0.0015434482710901388,6.503617942120367,-0.006826814736327147,6.503617942120367,-0.10794967547734112,-0.108197510565749,"[0.0, 0.0]"
1.9020000000000015,1,right_nudge,0.0011706270439898196,1.941713655777849e-06,0.07612582321758048,0.0011706286543444356,-0.0015435552405088204,6.5123930900270075,-0.0068007015656286205,6.5123930900270075,-0.10810222158983093,-0.10834933397442172,"[0.0, -0.08]"
1.9220000000000015,1,right_nudge,0.00118098314745258,1.9316298342755782e-06,0.07612454594219735,0.0011809847271496863,-0.0015971977078957672,6.608919186734164,-0.012791211384630598,6.608919186734164,-0.1096901391840062,-0.11017230714975185,"[0.0, -0.08]"
1.9420000000000015,1,right_nudge,0.0011920116232384478,1.8231355475902154e-06,0.07612305399577089,0.0011920130174451888,-0.0016849272539095149,6.718448128416989,-0.024924439536187382,6.718448128416989,-0.11140255078278365,-0.11234565824524621,"[0.0, -0.08]"
1.9620000000000015,1,right_nudge,0.0012054281014510387,1.643344359303016e-06,0.07612134872278736,0.0012054292216254502,-0.0017696301659519058,6.837400214078363,-0.03875146570804282,6.837400214078363,-0.11323094146849087,-0.11469292208848268,"[0.0, -0.08]"
1.9820000000000015,1,right_nudge,0.0012213666924792113,1.4363110731536166e-06,0.07611947743237346,0.00122136753702033,-0.001846507511259235,6.962956046978868,-0.05228399422559099,6.962956046978868,-0.11515663334805436,-0.11712377961992668,"[0.0, -0.08]"
2.002000000000001,1,right_nudge,0.0012392200150623703,1.229064315493518e-06,0.0761174856924947,0.0012392206245581425,-0.001917386655401146,7.092934626946993,-0.06473270511791232,7.092934626946993,-0.1171612213440111,-0.11959190460042803,"[0.0, -0.08]"
2.021999999999999,1,right_nudge,0.0012581931654582212,1.0337432164019233e-06,0.07611540810815362,0.001258193590124674,-0.0019834121022405584,7.225716567518631,-0.07585533627553305,7.225716567518631,-0.11922936649000945,-0.12207365724684123,"[0.0, -0.08]"
2.0419999999999967,1,right_nudge,0.0012776003609300147,8.541170376983949e-07,0.07611326827224815,0.0012776006464323732,-0.0020445435428217713,7.360172959189758,-0.08564849524563337,7.360172959189758,-0.12134899706632689,-0.12455717862841476,"[0.0, -0.08]"
2.0619999999999945,1,right_nudge,0.0012969775711344025,6.901668209079049e-07,0.07611108064949766,0.00129697775476526,-0.0021003348984193248,7.495579418962297,-0.09420559344060009,7.495579418962297,-0.12351079071147222,-0.12703678212801076,"[0.0, -0.08]"
2.0819999999999923,1,right_nudge,0.0013160840869425728,5.405102415549953e-07,0.07610885278835217,0.0013160841979352183,-0.002150492933370545,7.631519771105678,-0.1016525245881567,7.631519771105678,-0.12570757619113673,-0.12951005531280202,"[0.0, -0.08]"
2.10199999999999,1,right_nudge,0.001334851039560042,4.034789264764575e-07,0.07610658745689114,0.0013348511005388463,-0.002195065182159309,7.767791952242056,-0.10811936409312184,7.767791952242056,-0.1279338290438568,-0.13197634668704528,"[0.0, -0.08]"
2.121999999999988,1,right_nudge,0.0013533159879934313,2.775130229891558e-07,0.07610428450271618,0.0013533160164470512,-0.002234404280821921,7.904327093361482,-0.11372862989543263,7.904327093361482,-0.1301852797671786,-0.13443595827929752,"[0.0, -0.08]"
2.1419999999999857,1,right_nudge,0.001371565468955818,1.6125861178432744e-07,0.07610194230752829,0.0013715654784356205,-0.0022690499105121518,8.041127616731483,-0.1185910668074366,8.041127616731483,-0.13245861374052356,-0.13688969915455237,"[0.0, -0.08]"
2.1619999999999835,1,right_nudge,0.001389694420242002,5.3557363627569914e-08,0.07609955879156846,0.0013896944212740243,-0.0022996101045076227,8.178225159675922,-0.12280477128278706,8.178225159675922,-0.13475124017507503,-0.13933862707582007,"[0.0, -0.08]"
2.1819999999999813,1,right_nudge,0.0014077831429049692,-4.6590307289226015e-08,0.07609713200482389,0.0014077831436759176,-0.002326675468887916,8.31565568819762,-0.1264557308951148,8.31565568819762,-0.1370611136890311,-0.14178389284738352,"[0.0, -0.08]"
2.201999999999979,1,right_nudge,0.0014258882714728114,-1.4005938677131767e-07,0.07609466039457105,0.0014258882783515522,-0.0023507716518245785,8.453447527008453,-0.12961890032166218,8.453447527008453,-0.13938659754770785,-0.14422664494094403,"[0.0, -0.08]"
2.221999999999977,1,right_nudge,0.0014440429096390607,-2.27624719986463e-07,0.07609214285616037,0.0014440429275793213,-0.0023723424906050726,8.591617833449352,-0.13235942040861498,8.591617833449352,-0.14172636066196245,-0.14666797248345378,"[0.0, -0.08]"
2.2419999999999747,1,right_nudge,0.0014622614850542577,-3.099768383227418e-07,0.07608957866432928,0.0014622615179094073,-0.002391752686484104,8.730173719899426,-0.13473381033819995,8.730173719899426,-0.14407930182448883,-0.14910887409592147,"[0.0, -0.08]"
2.2619999999999725,1,right_nudge,0.0014805460380192055,-3.8773213245582887e-07,0.07608696735863503,0.001480546088789732,-0.0024093000224006166,8.869115272304876,-0.13679106524078624,8.869115272304876,-0.14644449533776813,-0.15155024440813838,"[0.0, -0.08]"
2.2819999999999703,1,right_nudge,0.001498891953415742,-4.6144001237475043e-07,0.07608430862976316,0.001498892024443837,-0.002425230079839742,9.008438760552826,-0.1385736379097608,9.008438760552826,-0.14882115276354327,-0.1539928722932792,"[0.0, -0.08]"
2.301999999999968,1,right_nudge,0.0015172922291263194,-5.315887773719935e-07,0.07608160223026975,0.0015172923222483345,-0.0024397494532728157,9.148139190258558,-0.14011830374471787,9.148139190258558,-0.15120859624343067,-0.15643744629964745,"[0.0, -0.08]"
2.321999999999966,1,right_nudge,0.0015357401198667282,-5.986110782692868e-07,0.07607884791664773,0.0015357402365320431,-0.0024530358364124516,9.288211935628294,-0.14145691660867163,9.288211935628294,-0.15360623970547083,-0.15888456391079017,"[0.0, -0.08]"
2.3419999999999637,1,right_nudge,0.0015542304106481272,-6.628892804649216e-07,0.07607604541966881,0.0015542305520113945,-0.0024652448660666534,9.428653533983704,-0.14261706637304122,9.428653533983704,-0.15601357518064876,-0.16133474227126385,"[0.0, -0.08]"
2.349999999999963,1,right_nudge,0.0015616375857718373,-6.879091739097804e-07,0.07607491086260486,0.0015616377372855473,-0.0024698582248783834,9.484932935839147,-0.14303662179744073,9.484932935839147,-0.15697912242374468,-0.16231577297181365,"[0.0, -0.08]"
2.3519999999999626,1,return_after_right,0.0015635087600688069,-6.938487613555184e-07,0.07607462661144992,0.001563508914025757,-0.002470411047095345,9.49892503020602,-0.14306352153149648,9.49892503020602,-0.1572202660675072,-0.16255763641245471,"[0.0, 0.0]"
2.3719999999999604,1,return_after_right,0.0015832526019721118,-6.849778664580164e-07,0.07607188404331326,0.0015832527501464001,-0.0024266054061380946,9.630394702109943,-0.137074662655188,9.630394702109943,-0.15957506315822523,-0.16467726781268657,"[0.0, 0.0]"
2.391999999999958,1,return_after_right,0.0016023894294328966,-5.365293522920137e-07,0.07606938736978348,0.0016023895192561733,-0.002342521797684286,9.749453630215667,-0.124940306193608,9.749453630215667,-0.16181583511490658,-0.16645697389931655,"[0.0, 0.0]"
2.411999999999956,1,return_after_right,0.0016192140887574503,-3.068084303127636e-07,0.07606709830337023,0.0016192141178244567,-0.0022542115870797384,9.85969006634666,-0.11111340138774488,9.85969006634666,-0.16395104819830053,-0.16807323437444197,"[0.0, 0.0]"
2.4319999999999538,1,return_after_right,0.0016335988421788705,-5.323615249740838e-08,0.07606494236256572,0.0016335988430463075,-0.0021702053867098886,9.963930991542878,-0.09758249939047124,9.963930991542878,-0.16599940308933886,-0.16961638487323366,"[0.0, 0.0]"
2.4519999999999516,1,return_after_right,0.0016461528258100513,1.9225294425501317e-07,0.07606285683206025,0.0016461528370365892,-0.002092051003691448,10.064361973654613,-0.08513655009969703,10.064361973654613,-0.167979349584248,-0.17113277653227355,"[0.0, 0.0]"
2.4719999999999493,1,return_after_right,0.0016576689576989954,4.163510415630501e-07,0.07606079662040606,0.001657669009985728,-0.002020513101240469,10.16260394440681,-0.07401749984268845,10.16260394440681,-0.16990627106131545,-0.17264607757107941,"[0.0, 0.0]"
2.491999999999947,1,return_after_right,0.0016688289469171528,6.155889785027292e-07,0.07605873193977065,0.001668829060454786,-0.0019561760752219324,10.259785306866789,-0.06422851866065818,10.259785306866789,-0.17179227561788962,-0.17416817385473096,"[0.0, 0.0]"
2.511999999999945,1,return_after_right,0.00168009229637079,7.907588925805134e-07,0.0760566449733488,0.0016800924824616355,-0.001899200035132366,10.356629058950771,-0.055676025367153645,10.356629058950771,-0.17364671291911563,-0.1757047748957527,"[0.0, 0.0]"
2.5319999999999427,1,return_after_right,0.0016916958834201365,9.441180168624228e-07,0.0760545266496188,0.0016916961468713778,-0.0018492906984469107,10.453550040980543,-0.04823399310520454,10.453550040980543,-0.17547677410887708,-0.17725831169532993,"[0.0, 0.0]"
2.5519999999999405,1,return_after_right,0.0017037059865615133,1.0781995801996102e-06,0.07605237373874965,0.001703706327733707,-0.001805850472543785,10.550749558258117,-0.04177225007103832,10.550749558258117,-0.17728799860674316,-0.1788294509729958,"[0.0, 0.0]"
2.5719999999999383,1,return_after_right,0.0017160837428945705,1.1953889471994314e-06,0.07605018643621851,0.0017160841592363044,-0.0017681547633566512,10.648296458226604,-0.03616821849100409,10.648296458226604,-0.17908466818892552,-0.1804179039577562,"[0.0, 0.0]"
2.591999999999936,1,return_after_right,0.0017287423343930704,1.2978126648184942e-06,0.07604796654528707,0.001728742821544175,-0.0017354771899544424,10.746188942266167,-0.031311124505092464,10.746188942266167,-0.18087010876795884,-0.18202287409900264,"[0.0, 0.0]"
2.611999999999934,1,return_after_right,0.0017415871806775933,1.3873357432768438e-06,0.07604571626821006,0.0017415877332483118,-0.0017071540687665313,10.84439643073371,-0.027102863792229846,10.84439643073371,-0.18264692250241077,-0.1836433162306634,"[0.0, 0.0]"
2.6319999999999317,1,return_after_right,0.0017545386108494827,1.4655876735116353e-06,0.07604343752527183,0.0017545392229610774,-0.001682605508141622,10.942884221215797,-0.02345745216893418,10.942884221215797,-0.18441716672694708,-0.18527809263144426,"[0.0, 0.0]"
2.6519999999999295,1,return_after_right,0.0017675406201040672,1.5339914941218077e-06,0.07604113167066733,0.0017675412857548123,-0.0016613333378736337,11.041625275120541,-0.02029994184175201,11.041625275120541,-0.1861824908220171,-0.18692606847188462,"[0.0, 0.0]"
2.6719999999999273,1,return_after_right,0.0017805605750733805,1.593789850925291e-06,0.07603879946504763,0.0017805612883783968,-0.0016429102085375106,11.14060362889002,-0.01756519760335418,11.14060362889002,-0.1879442390946988,-0.18858616869925643,"[0.0, 0.0]"
2.691999999999925,1,return_after_right,0.0017935843004438844,1.6460676800172402e-06,0.07603644118351531,0.0017935850557856423,-0.00162696755589941,11.239813222340103,-0.015196702642222282,11.239813222340103,-0.1897035263264359,-0.19025740898934837,"[0.0, 0.0]"
2.711999999999923,1,return_after_right,0.0018066098016584777,1.6917721236710852e-06,0.07603405677023103,0.0018066105937753721,-0.0016131854656469783,11.33925487958292,-0.013145460775872255,11.33925487958292,-0.19146129192557806,-0.1919389090242484,"[0.0, 0.0]"
2.7319999999999207,1,return_after_right,0.001819641581658783,1.7317301228376422e-06,0.076031645984836,0.0018196424056915403,-0.0016012849699069606,11.438933126125145,-0.01136901555428297,11.438933126125145,-0.19321833800417879,-0.1936298940981351,"[0.0, 0.0]"
2.7519999999999185,1,return_after_right,0.0018326864318151817,1.7666639128913378e-06,0.07602920851440614,0.0018326872833249114,-0.001591022306477358,11.538853674610785,-0.009830586419629007,11.538853674610785,-0.19497535594574464,-0.1953296895885163,"[0.0, 0.0]"
2.7719999999999163,1,return_after_right,0.001845750840878364,1.7972045722204382e-06,0.07602674404465402,0.0018457517158457317,-0.0015821844819156143,11.639021827207456,-0.008498313825205297,11.639021827207456,-0.19673294514434675,-0.19703771165599018,"[0.0, 0.0]"
2.791999999999914,1,return_after_right,0.0018588397595207182,1.8239037851122722e-06,0.07602425229563416,0.0018588406543327103,-0.0015745856187119281,11.739441707621209,-0.007344602367310304,11.739441707621209,-0.19849162667603457,-0.1987534565196126,"[0.0, 0.0]"
2.7999999999999132,1,return_after_right,0.0018640829460695896,1.8336180539422558e-06,0.0760232479036712,0.0018640838478948976,-0.0015718559699704959,11.779680807909234,-0.006927648571003835,11.779680807909234,-0.19919550874960265,-0.1994418174454237,"[0.0, 0.0]"
2.801999999999913,2,left_nudge,0.001865412239029332,1.8353006963302012e-06,0.07602299682687405,0.001865413141866721,-0.0015717499297997295,11.789659500808401,-0.006901545025473317,11.789659500808401,-0.19936803509530987,-0.1996136165158014,"[0.08, 0.0]"
2.821999999999911,2,left_nudge,0.001879687930541721,1.7539117411826938e-06,0.07602061481401128,0.001879688748817371,-0.001621665939545632,11.880894047864103,-0.012907555137429975,11.880894047864103,-0.20079314292146566,-0.20127395516048815,"[0.08, 0.0]"
2.8419999999999086,2,left_nudge,0.0018933298744704574,1.5132150060978331e-06,0.07601853798735043,0.0018933304791773603,-0.0017180853129311283,11.959583633571887,-0.02506344148076114,11.959583633571887,-0.20187630523748373,-0.2028183264990668,"[0.08, 0.0]"
2.8619999999999064,2,left_nudge,0.0019046778642651837,1.1936539971261802e-06,0.07601672508867019,0.0019046782382942393,-0.0018207019817139437,12.029353708994647,-0.03890924639783291,12.029353708994647,-0.20279407697285812,-0.20425515163944682,"[0.08, 0.0]"
2.881999999999904,2,left_nudge,0.0019136133477978376,8.579437185989282e-07,0.07601509260443393,0.001913613540121796,-0.0019169749266226463,12.093041638526678,-0.05245477506780058,12.093041638526678,-0.2036368408903871,-0.205603147615464,"[0.08, 0.0]"
2.901999999999902,2,left_nudge,0.0019207386662693819,5.384135863755007e-07,0.07601356845879872,0.0019207387417323246,-0.0020041771036948723,12.152830931074506,-0.06491125325262351,12.152830931074506,-0.204450976175995,-0.2068807952184848,"[0.08, 0.0]"
2.9219999999999,2,left_nudge,0.001926835155343702,2.4775402422553704e-07,0.07601209989116398,0.0019268351712719086,-0.0020821095558841473,12.210336098798798,-0.0760375668754517,12.210336098798798,-0.20526016331973423,-0.20810350472362676,"[0.08, 0.0]"
2.9419999999998976,2,left_nudge,0.0019325737501884022,-1.1280300101358648e-08,0.07601065159802299,0.0019325737502213234,-0.0021512915595262795,12.266678899312076,-0.08583153802289335,12.266678899312076,-0.20607628799861383,-0.20928340178491361,"[0.08, 0.0]"
2.9619999999998954,2,left_nudge,0.0019384062295165064,-2.4017674138085715e-07,0.07600920219171702,0.0019384062443959641,-0.002212526169091554,12.32257725256935,-0.09438765498336717,12.32257725256935,-0.2069050513914294,-0.21042984465470974,"[0.08, 0.0]"
2.981999999999893,2,left_nudge,0.0019445651340323474,-4.418822941311426e-07,0.07600774052042823,0.001944565184238935,-0.0022666988965969596,12.378442934060839,-0.10183265482495142,12.378442934060839,-0.20774887238923256,-0.21155002640335166,"[0.08, 0.0]"
3.001999999999891,2,left_nudge,0.0019511151843496144,-6.196131976113207e-07,0.07600626228199629,0.0019511152827345042,-0.0023146445780203176,12.43447594109066,-0.10829719470413703,12.43447594109066,-0.20860840530831457,-0.21264948429450722,"[0.08, 0.0]"
3.0219999999998888,2,left_nudge,0.00195801780103506,-7.764101464653474e-07,0.07600476720081807,0.001958017954969486,-0.0023570848591722643,12.490745033575726,-0.11390413571762721,12.490745033575726,-0.20948335086328773,-0.21373249600528463,"[0.08, 0.0]"
3.0419999999998866,2,left_nudge,0.001965187389393678,-9.150035996526944e-07,0.07600325691581442,0.00196518760240938,-0.0023946246280513155,12.547248986706208,-0.11876438029186548,12.547248986706208,-0.21037290481482804,-0.21480238288254824,"[0.08, 0.0]"
3.0619999999998844,2,left_nudge,0.0019725308431709056,-1.0377949112679367e-06,0.0760017335862245,0.001972531116175053,-0.0024277789458129894,12.60395800739249,-0.12297605897036348,12.60395800739249,-0.21127601714241193,-0.2158617428931116,"[0.08, 0.0]"
3.081999999999882,2,left_nudge,0.0019799697872562704,-1.1468762869520353e-06,0.07600019911198903,0.0019799701194141437,-0.0024570049744399116,12.660838100131324,-0.1266251255720504,12.660838100131324,-0.21219154757148,-0.21691262989877763,"[0.08, 0.0]"
3.10199999999988,2,left_nudge,0.0019874491361029953,-1.2440620506654033e-06,0.07599865481000127,0.001987449525468994,-0.0024827249897296576,12.717862708569468,-0.1297864747819749,12.717862708569468,-0.21311836028161193,-0.2179566905473085,"[0.08, 0.0]"
3.1219999999998778,2,left_nudge,0.0019949367681491663,-1.3309219882054777e-06,0.07599710138105716,0.0019949372121113936,-0.0025053371314409907,12.77501609318996,-0.1325251872877781,12.77501609318996,-0.21405538007962313,-0.21899526700555969,"[0.08, 0.0]"
3.1419999999998756,2,left_nudge,0.0020024186795854627,-1.4088134798997843e-06,0.07599553902765903,0.0020024191751749206,-0.0025252165988425153,12.832292194719784,-0.13489773485162895,12.832292194719784,-0.21500162279215973,-0.22002947230554737,"[0.08, 0.0]"
3.1619999999998734,2,left_nudge,0.0020098928143316972,-1.478910969487924e-06,0.07599396762208221,0.002009893358434682,-0.002542711902282691,12.889691680918268,-0.13695308158585395,12.889691680918268,-0.21595620817662164,-0.22106024431226165,"[0.08, 0.0]"
3.181999999999871,2,left_nudge,0.0020173634882794133,-1.542232049711208e-06,0.07599238686387753,0.0020173640777813454,-0.002558140176396309,12.947218833192291,-0.13873366399683018,12.947218833192291,-0.21691836133658307,-0.22208838366576653,"[0.08, 0.0]"
3.201999999999869,2,left_nudge,0.0020248372660851225,-1.5996599326730342e-06,0.07599079639845244,0.0020248378979659024,-0.002571783999190712,13.00487908981451,-0.14027625199429597,13.00487908981451,-0.21788740713597546,-0.22311458027059597,"[0.08, 0.0]"
3.2219999999998667,2,left_nudge,0.0020323204268029144,-1.651962449613095e-06,0.07598919589064754,0.002032321098197899,-0.002583890631210153,13.062677487566033,-0.1416127005513154,13.062677487566033,-0.21886276092562718,-0.22413943200378642,"[0.08, 0.0]"
3.2419999999998645,2,left_nudge,0.002039817757725781,-1.6998079703007288e-06,0.07598758505975181,0.002039818465962246,-0.0025946735263939432,13.120617915094497,-0.14277060382764128,13.120617915094497,-0.2198439178861713,-0.2251634583872955,"[0.08, 0.0]"
3.2499999999998637,2,left_nudge,0.0020428213880456405,-1.7178312683901167e-06,0.07598693778603585,0.0020428221103172403,-0.00259865791897149,13.143834473280787,-0.1431892388072834,13.143834473280787,-0.22023790589258144,-0.22557294109813528,"[0.08, 0.0]"
3.2519999999998634,2,return_after_left,0.0020435549920557773,-1.7213718180458194e-06,0.07598677500583735,0.0020435557170473784,-0.002599048153918933,13.149729750608419,-0.14321568703380655,13.149729750608419,-0.22034002037691444,-0.2256757752572526,"[0.0, 0.0]"
3.2719999999998612,2,return_after_left,0.002049936022772633,-1.6432719137785748e-06,0.07598499383556177,0.0020499366814132245,-0.0025486650077685196,13.217459629976084,-0.13720857574105233,13.217459629976084,-0.2216651517627123,-0.22676553836028826,"[0.0, 0.0]"
3.291999999999859,2,return_after_left,0.0020569957207671715,-1.3946813409898264e-06,0.07598284948799483,0.002056996193577056,-0.0024480287151307893,13.29813989879321,-0.12505011257966783,13.29813989879321,-0.22333917131599035,-0.22797820257888898,"[0.0, 0.0]"
3.311999999999857,2,return_after_left,0.0020663889075985147,-1.0650355892216033e-06,0.07598037393101625,0.002066389182062999,-0.0023420379299887327,13.388141163229726,-0.11120365468981147,13.388141163229726,-0.22518552143139672,-0.2293053940938651,"[0.0, 0.0]"
3.3319999999998546,2,return_after_left,0.002078231584448036,-7.184451169489126e-07,0.07597765129535229,0.00207823170863135,-0.0022449700669000716,13.48462372581914,-0.09765954932416106,13.48462372581914,-0.22711382960847762,-0.23072840259805788,"[0.0, 0.0]"
3.3519999999998524,2,return_after_left,0.0020919210581294687,-3.877686383731275e-07,0.07597475895583028,0.0020919210940688066,-0.0021587871163702053,13.585403304442544,-0.08520582981751323,13.585403304442544,-0.22907772693478523,-0.2322287431509391,"[0.0, 0.0]"
3.3719999999998502,2,return_after_left,0.0021066770700684002,-8.653418123448708e-08,0.07597175578911505,0.0021066770718456457,-0.002082424435587102,13.688865780847946,-0.07408288550989106,13.688865780847946,-0.23105354130278796,-0.23379100154938706,"[0.0, 0.0]"
3.391999999999848,2,return_after_left,0.002121830446179566,1.8169565969072765e-07,0.07596868231832606,0.0021218304539590074,-0.002014627630613056,13.793890500202416,-0.06429245632724424,13.793890500202416,-0.23302939467414818,-0.23540305183076618,"[0.0, 0.0]"
3.411999999999846,2,return_after_left,0.002136931245714945,4.1790284998498657e-07,0.0759655637891075,0.0021369312865779323,-0.0019544710964823943,13.899760932257838,-0.055739878867913026,13.899760932257838,-0.23499959391548458,-0.2370555394347884,"[0.0, 0.0]"
3.4319999999998436,2,return_after_left,0.0021517484366398356,6.248406729054209e-07,0.07596241390561084,0.0021517485273627687,-0.001901275679701233,14.006066657909589,-0.0482983943456866,14.006066657909589,-0.23696172905719726,-0.23874127822633354,"[0.0, 0.0]"
3.4519999999998414,2,return_after_left,0.002166218283759788,8.057342591617387e-07,0.07595923845890418,0.002166218433607954,-0.0018544649710758232,14.112608813663995,-0.04183738117561824,14.112608813663995,-0.23891515549671644,-0.2404547400446046,"[0.0, 0.0]"
3.471999999999839,2,return_after_left,0.0021803798124695123,9.637274593392856e-07,0.07595603844020558,0.002180380025453178,-0.0018134813008237373,14.2193194850861,-0.03623401585632827,14.2193194850861,-0.240860182679646,-0.24219165747418572,"[0.0, 0.0]"
3.491999999999837,2,return_after_left,0.0021943186246527664,1.1016818242952502e-06,0.07595281242272278,0.0021943189012084935,-0.0017777598531253213,14.326200479486486,-0.03137741534700391,14.326200479486486,-0.24279762507604524,-0.24394871981356894,"[0.0, 0.0]"
3.511999999999835,2,return_after_left,0.002208127547854565,1.2221298510204877e-06,0.07594955816982576,0.0022081278860599505,-0.0017467354290373758,14.433281984866042,-0.0271694503086941,14.433281984866042,-0.24472854272857245,-0.24572333962616497,"[0.0, 0.0]"
3.5319999999998326,2,return_after_left,0.0022218845455093616,1.327288992291217e-06,0.0759462735621791,0.0022218849419511828,-0.0017198605608076197,14.540598292829497,-0.023524157615381604,14.540598292829497,-0.24665408558258062,-0.2475134732143962,"[0.0, 0.0]"
3.5519999999998304,2,return_after_left,0.0022356442792435707,1.4190949470354726e-06,0.07594295700965562,0.0022356447296350496,-0.0016966227271106324,14.648176233901035,-0.020366630605466247,14.648176233901035,-0.2485753987561852,-0.24931748366307968,"[0.0, 0.0]"
3.571999999999828,2,return_after_left,0.002249438510213388,1.4992373959226056e-06,0.07593960752867478,0.0022494390098297384,-0.0016765556917664572,14.756031852283297,-0.0176317789566006,14.756031852283297,-0.250493566426034,-0.2511340381550217,"[0.0, 0.0]"
3.591999999999826,2,return_after_left,0.002263280978067748,1.5691923952465395e-06,0.07593622464106121,0.00226328152204892,-0.0016592443549161356,14.864171568437223,-0.015263125526910198,14.864171568437223,-0.25240958153034715,-0.2529620327258154,"[0.0, 0.0]"
3.611999999999824,2,return_after_left,0.002277173571019234,1.630250207309284e-06,0.07593280820802557,0.00227717415457497,-0.0016443245077242402,14.972595136508874,-0.013211704820463722,14.972595136508874,-0.254324332955327,-0.2548005384037316,"[0.0, 0.0]"
3.6319999999998216,2,return_after_left,0.002291111882079878,1.6835389629998747e-06,0.07592935826883068,0.002291112500623014,-0.0016314793902744524,15.081298747758229,-0.011435081643554263,15.081298747758229,-0.25623860419712796,-0.25664876335549003,"[0.0, 0.0]"
3.6519999999998194,2,return_after_left,0.0023050893050999607,1.7300449271960407e-06,0.07592587491748885,0.0023050899543275247,-0.0016204347083351896,15.190277470840869,-0.009896488621589672,15.190277470840869,-0.2581530789963617,-0.25850602645418413,"[0.0, 0.0]"
3.671999999999817,2,return_after_left,0.002319099542978214,1.7706300617314025e-06,0.07592235822585791,0.0023191002189152103,-0.0016109532633193444,15.299526793073618,-0.008564073374782396,15.299526793073618,-0.2600683506323658,-0.2603717385985067,"[0.0, 0.0]"
3.691999999999815,2,return_after_left,0.0023331377935617123,1.806047397259006e-06,0.0759188082072818,0.0023331384925788733,-0.0016028298608904924,15.409043353059005,-0.007410243700865065,15.409043353059005,-0.26198493257954275,-0.2622453890442208,"[0.0, 0.0]"
3.699999999999814,2,return_after_left,0.0023387602020841763,1.8189175806520348e-06,0.0759173788585704,0.0023387609093949687,-0.0015999201146300308,15.452924301833631,-0.006993249711531569,15.452924301833631,-0.26275203385242235,-0.2629969706564801,"[0.0, 0.0]"
3.701999999999814,2,right_nudge,0.002340148101532242,1.8208013089154657e-06,0.07591701943152405,0.0023401488098884573,-0.001599738148643827,15.463988223256095,-0.006967282219066257,15.463988223256095,-0.2629443245083316,-0.26318853656012453,"[0.0, -0.08]"
3.7219999999998117,2,right_nudge,0.0023530327651108953,1.6945928499038573e-06,0.07591320158740372,0.002353033375311611,-0.0016512227332969528,15.583439536764866,-0.012983400393664895,15.583439536764866,-0.2649297385027912,-0.2654093170213213,"[0.0, -0.08]"
3.7419999999998095,2,right_nudge,0.002366568986132555,1.3625909821413852e-06,0.07590891117867625,0.0023665693783995966,-0.0017576300489134846,15.715943640411936,-0.025152086644619102,15.715943640411936,-0.2670401521131278,-0.2679810313188783,"[0.0, -0.08]"
3.7619999999998073,2,right_nudge,0.002382439617684162,9.342289777109213e-07,0.07590420600660533,0.0023824398008543343,-0.0018741632949887642,15.857893530204233,-0.039007589419955746,15.857893530204233,-0.2692672498299918,-0.2707271438776304,"[0.0, -0.08]"
3.781999999999805,2,right_nudge,0.00240076382553257,4.837812374990536e-07,0.07589918990510065,0.0024007638742762826,-0.0019847507912362197,16.006450481161714,-0.052560422789331346,16.006450481161714,-0.2715923036889642,-0.2735573075283597,"[0.0, -0.08]"
3.801999999999803,2,right_nudge,0.002420934805180476,4.9394456400614634e-08,0.07589395388674083,0.002420934805684375,-0.002085919366299584,16.159424995180974,-0.06502360787040705,16.159424995180974,-0.27399679031254703,-0.27642515966920944,"[0.0, -0.08]"
3.8219999999998007,2,right_nudge,0.00244216883062958,-3.5270178558676767e-07,0.07588856593886294,0.0024421688560984475,-0.0021775369133208862,16.315198170999658,-0.07615720225567765,16.315198170999658,-0.27646525904740815,-0.2793070177023041,"[0.0, -0.08]"
3.8419999999997985,2,right_nudge,0.002463796046823117,-7.177206118093319e-07,0.0758830723763816,0.002463796151361572,-0.0022599757499964243,16.472646938273492,-0.08595936931083101,16.472646938273492,-0.27898555665119984,-0.2821909844637528,"[0.0, -0.08]"
3.8619999999997963,2,right_nudge,0.0024853681294481605,-1.0462507990868147e-06,0.07587750178813457,0.0024853683496651726,-0.002333630885419279,16.63105449420049,-0.09452440396092575,16.63105449420049,-0.28154831097046273,-0.28507134618749336,"[0.0, -0.08]"
3.881999999999794,2,right_nudge,0.0025066566946413287,-1.341086119799212e-06,0.07587186946511806,0.002506657053388471,-0.0023989883990976255,16.790011359198953,-0.10197865467358254,16.790011359198953,-0.2841463259384537,-0.2879456750145718,"[0.0, -0.08]"
3.901999999999792,2,right_nudge,0.0025276005610070265,-1.6056942962685224e-06,0.07586618161046624,0.0025276010710270735,-0.0024566931143366086,16.94931991816384,-0.10845241913342257,16.94931991816384,-0.28677406847523623,-0.29081331279450745,"[0.0, -0.08]"
3.9219999999997897,2,right_nudge,0.002548240550242257,-1.8435412683302577e-06,0.07586043892721518,0.002548241217103155,-0.002507527378870389,17.108913221399295,-0.11406832464391421,17.108913221399295,-0.28942726886853354,-0.2936745595912079,"[0.0, -0.08]"
3.9419999999997875,2,right_nudge,0.0025686631002272363,-2.0578319518290292e-06,0.07585463935761452,0.002568663924522112,-0.0025523381253139987,17.268793504611825,-0.11893717396917028,17.268793504611825,-0.29210261496270185,-0.2965302236087468,"[0.0, -0.08]"
3.9619999999997852,2,right_nudge,0.002588961029702169,-2.2514385934252096e-06,0.07584877993241423,0.0025889620086614355,-0.002591958480812975,17.428990848263375,-0.12315709764038588,17.428990848263375,-0.29479751759974615,-0.29938136048259945,"[0.0, -0.08]"
3.981999999999783,2,right_nudge,0.0026092117164650693,-2.426904732746249e-06,0.07584285783798368,0.002609212845132642,-0.0026271502901935783,17.58953903867859,-0.12681410446148997,17.58953903867859,-0.2975099305560205,-0.3022291165365308,"[0.0, -0.08]"
4.001999999999781,2,right_nudge,0.002629468948884381,-2.5864739942932975e-06,0.0758368708913906,0.0026294702209751024,-0.0026585746748329095,17.750464181804222,-0.1299831619551347,17.750464181804222,-0.30023821345851914,-0.3050746333196848,"[0.0, -0.08]"
4.021999999999779,2,right_nudge,0.0026497635597152493,-2.7321231087878817e-06,0.0758308176303508,0.0026497649682361473,-0.0026867863451340065,17.91178153408495,-0.1327294179309256,17.91178153408495,-0.30298102921578834,-0.3079189911006312,"[0.0, -0.08]"
4.041999999999777,2,right_nudge,0.002670108451355527,-2.8655923458654244e-06,0.07582469719708247,0.002670109989049085,-0.002712243141664763,18.07349677058187,-0.1351093947839238,18.07349677058187,-0.3057372689914684,-0.31076317844127493,"[0.0, -0.08]"
4.061999999999775,2,right_nudge,0.0026905048301691793,-2.9884121266749127e-06,0.07581850914665861,0.0026905064898213355,-0.0027353225323717926,18.235608994359264,-0.13717208909185802,18.235608994359264,-0.30850599857042005,-0.3136080794155011,"[0.0, -0.08]"
4.0819999999997725,2,right_nudge,0.0027109477663943204,-3.1019263725639108e-06,0.07581225326007043,0.002710949541040109,-0.0027563390637629004,18.398113849533214,-0.13895995497684788,18.398113849533214,-0.31128642068503515,-0.31645447237544033,"[0.0, -0.08]"
4.10199999999977,2,right_nudge,0.002731430259113673,-3.2073133811891403e-06,0.07580592940064704,0.002731432142166617,-0.0027755593910343814,18.56100594502293,-0.14050977017854607,18.56100594502293,-0.3140778486990077,-0.3193030356999011,"[0.0, -0.08]"
4.121999999999768,2,right_nudge,0.0027519457008583527,-3.3056047729248114e-06,0.07579953742371008,0.002751947686184402,-0.002793213641819585,18.724280368156755,-0.14185339248635717,18.724280368156755,-0.3168796879812924,-0.3221543571781325,"[0.0, -0.08]"
4.141999999999766,2,right_nudge,0.0027724890224507027,-3.39770276646194e-06,0.07579307713289968,0.0027724911044029956,-0.0028095032297922157,18.887933389365287,-0.14301841739065432,18.887933389365287,-0.31969142224634023,-0.3250089447197316,"[0.0, -0.08]"
4.149999999999765,2,right_nudge,0.0027807133652521685,-3.4329879258454224e-06,0.07579047383275186,0.002780715484384934,-0.0028156774871654616,18.95350002326662,-0.1434398868143345,18.95350002326662,-0.32081878401073033,-0.32615179458412047,"[0.0, -0.08]"
4.151999999999765,2,return_after_right,0.0027827883317926667,-3.4398751133343084e-06,0.07578982326295156,0.0027827904578502146,-0.0028167883274384992,18.969813917469555,-0.1434667878616816,18.969813917469555,-0.32110039132527224,-0.32643411563498825,"[0.0, 0.0]"
4.171999999999763,2,return_after_right,0.002804559762482786,-3.3152815976131603e-06,0.0757835599858936,0.0028045617219860882,-0.002776885598296348,19.12448353264449,-0.13744837506117874,19.12448353264449,-0.32386025321476986,-0.32895831492918903,"[0.0, 0.0]"
4.19199999999976,2,return_after_right,0.0028257408116594664,-2.9386132033962838e-06,0.07577777722927007,0.0028257423396561582,-0.0026745972869183406,19.266730012964892,-0.12527242651329673,19.266730012964892,-0.32650633411826463,-0.3311427783361793,"[0.0, 0.0]"
4.211999999999758,2,return_after_right,0.0028446607741733853,-2.4542712639265626e-06,0.07577237662709643,0.002844661832901788,-0.0025545925552072665,19.400172423755087,-0.11141262312122341,19.400172423755087,-0.329046835371313,-0.333164079428738,"[0.0, 0.0]"
4.231999999999756,2,return_after_right,0.002861206455037094,-1.9515934965467795e-06,0.07576722415481392,0.0028612071206158968,-0.0024371319408543453,19.527659370834662,-0.09785921686568796,19.527659370834662,-0.33150050697490513,-0.335112571004959,"[0.0, 0.0]"
4.251999999999754,2,return_after_right,0.0028759840773843917,-1.4742862924369856e-06,0.07576220947390004,0.002875984455258516,-0.0023292044158578222,19.651385440881572,-0.08539846823043983,19.651385440881572,-0.33388593130755684,-0.33703462519590954,"[0.0, 0.0]"
4.2719999999997516,2,return_after_right,0.002889771846438914,-1.0399218894383742e-06,0.07575725268862028,0.0028897720335535997,-0.0022328652037487684,19.7729701281561,-0.07426950229148342,19.7729701281561,-0.33621861457099494,-0.3389539398007405,"[0.0, 0.0]"
4.291999999999749,2,return_after_right,0.00290323173116387,-6.529553203908816e-07,0.07575230044799348,0.002903231804590776,-0.0021482582317111534,19.893534204520645,-0.06447347119026434,19.893534204520645,-0.3385107499371384,-0.3408824272356274,"[0.0, 0.0]"
4.311999999999747,2,return_after_right,0.0029168041742140822,-3.119149761763693e-07,0.0757473203641677,0.002916804190891745,-0.0020746673649202053,20.0137910693597,-0.05591554194924801,20.0137910693597,-0.3407717333625332,-0.34282581259976264,"[0.0, 0.0]"
4.331999999999745,2,return_after_right,0.002930711229028781,-1.3002081550578073e-08,0.07574229541289376,0.002930711229057623,-0.002010989283647242,20.134147042922383,-0.04846897091960123,20.134147042922383,-0.34300877219213133,-0.3447865301565532,"[0.0, 0.0]"
4.351999999999743,2,return_after_right,0.0029450099199628643,2.482419949816227e-07,0.07573721884159398,0.002945009930425323,-0.001956007432326528,20.254797547299106,-0.04200320062459753,20.254797547299106,-0.3452274026597463,-0.3467652404788744,"[0.0, 0.0]"
4.3719999999997405,2,return_after_right,0.0029596573430193973,4.762215238853352e-07,0.07573208995252323,0.002959657381332437,-0.0019085520956725298,20.37580847927057,-0.03639545972359703,20.37580847927057,-0.3474318933145726,-0.34876164360903933,"[0.0, 0.0]"
4.391999999999738,2,return_after_right,0.0029745665428237327,6.750114425993619e-07,0.07572691096113478,0.0029745666194131173,-0.0018675776467730577,20.497177507556454,-0.031534887137858035,20.497177507556454,-0.34962555356853786,-0.35077493067532733,"[0.0, 0.0]"
4.411999999999736,2,return_after_right,0.0029896451101080936,8.482735249295078e-07,0.075721684926088,0.0029896452304514673,-0.0018321845145445458,20.618875073138632,-0.027323347221619113,20.618875073138632,-0.35181096990247357,-0.35280404563284096,"[0.0, 0.0]"
4.431999999999734,2,return_after_right,0.0030048164331739013,9.992515269231878e-07,0.07571641458969958,0.0030048165993244147,-0.0018016109015832904,20.740868180682813,-0.023674851494698855,20.740868180682813,-0.35399018668982113,-0.3548478424739531,"[0.0, 0.0]"
4.451999999999732,2,return_after_right,0.0030200274407334517,1.1307970965510992e-06,0.07571110188998367,0.0030200276524371622,-0.0017752124956415358,20.86313151587743,-0.020514458834903847,20.86313151587743,-0.35616484343217436,-0.3569051807182957,"[0.0, 0.0]"
4.4719999999997295,2,return_after_right,0.003035247745401382,1.2454063345043974e-06,0.07570574789921003,0.0030352480009055455,-0.0017524407781031922,20.985650453242528,-0.01777704313339781,20.985650453242528,-0.3583362771376939,-0.35897498168757347,"[0.0, 0.0]"
4.491999999999727,2,return_after_right,0.003050464548085246,1.3452586216488827e-06,0.07570035298341173,0.003050464844715586,-0.0017328245980276521,21.108419725079738,-0.015406094939152378,21.108419725079738,-0.36050559702257945,-0.36105625860714696,"[0.0, 0.0]"
4.511999999999725,2,return_after_right,0.003065676434569347,1.4322541234563593e-06,0.07569491703613956,0.003065676769136906,-0.0017159560933600766,21.231440419483505,-0.013352622017809878,21.231440419483505,-0.3626737378217314,-0.36314812908388583,"[0.0, 0.0]"
4.531999999999723,2,return_after_right,0.003080887896814607,1.5080484116247967e-06,0.07568943969841171,0.0030808882658981233,-0.0017014803697374841,21.354716913177207,-0.01157416813354293,21.354716913177207,-0.3648414972112259,-0.3652498161167068,"[0.0, 0.0]"
4.551999999999721,2,return_after_right,0.00309610536002998,1.574083594199465e-06,0.0756839205241404,0.00309610576016801,-0.0016890878704571323,21.478254505596322,-0.010033949557881363,21.478254505596322,-0.3670095619662425,-0.36736064222042764,"[0.0, 0.0]"
4.5719999999997185,2,return_after_right,0.0031113347966301927,1.6316158464221202e-06,0.07567835908244648,0.003111335224448197,-0.0016785084746173294,21.60205795754698,-0.00870010081146912,21.60205795754698,-0.36917852651226984,-0.3694800199971552,"[0.0, 0.0]"
4.591999999999716,2,return_after_right,0.0031265806359037657,1.6817395106698562e-06,0.07567275500613502,0.0031265810881946077,-0.0016695066509930568,21.726130824636616,-0.007545018474480909,21.726130824636616,-0.37134890657011954,-0.3716074414392378,"[0.0, 0.0]"
4.599999999999715,2,return_after_right,0.0031326842176471106,1.6999324539797494e-06,0.07567050137002498,0.003132684678876193,-0.001666300759435211,21.77583595055129,-0.007127571717079272,21.77583595055129,-0.372217557281498,-0.3724605617843662,"[0.0, 0.0]"
4.601999999999715,3,left_nudge,0.003134228256555446,1.7020646129940928e-06,0.07566993904352004,0.0031342287187144683,-0.0016659266510615927,21.78818127235851,-0.007101929079994838,21.78818127235851,-0.3724312808408412,-0.37267356478953345,"[0.08, 0.0]"
4.621999999999713,3,left_nudge,0.003150647104095692,1.4952681539858518e-06,0.07566459757595519,0.003150647458915933,-0.001716257857370825,21.903063669631965,-0.01314853090397072,21.903063669631965,-0.37426837068604607,-0.37474649798282383,"[0.08, 0.0]"
4.641999999999711,3,left_nudge,0.003166465419618531,1.0110086038256324e-06,0.07565981225629546,0.0031664655810190573,-0.0018361089072150704,22.005393911151184,-0.025359352053803248,22.005393911151184,-0.3757638204532795,-0.376703840475891,"[0.08, 0.0]"
4.661999999999709,3,left_nudge,0.003180060678805039,4.19262908352468e-07,0.07565547770207974,0.0031800607064430943,-0.0019753489678733167,22.098833767894508,-0.03924887511105095,22.098833767894508,-0.3770943241496074,-0.3785537046493,"[0.08, 0.0]"
4.681999999999706,3,left_nudge,0.0031913281404590465,-1.832761011089286e-07,0.0756514478503969,0.003191328145721766,-0.0021095018224769465,22.18624467697791,-0.05282465801236591,22.18624467697791,-0.37835028832938217,-0.3803148695932067,"[0.08, 0.0]"
4.701999999999704,3,left_nudge,0.0032008643817454724,-7.515203262621267e-07,0.07564760103425912,0.003200864469968953,-0.002230511227898924,22.269819563187298,-0.06530131926494631,22.269819563187298,-0.37957811244662026,-0.382005973703218,"[0.08, 0.0]"
4.721999999999702,3,left_nudge,0.0032094324188875743,-1.2681588309511218e-06,0.07564384848370086,0.003209432669434485,-0.0023370305302034163,22.35117075668699,-0.0764414706206015,22.35117075668699,-0.38080150637308346,-0.3836425719809958,"[0.08, 0.0]"
4.7419999999997,3,left_nudge,0.0032176800467231368,-1.729410064972155e-06,0.07564013064000345,0.0032176805114770765,-0.002430118318460737,22.43141122703413,-0.08624569172976294,22.43141122703413,-0.38203238325246774,-0.3852368904710504,"[0.08, 0.0]"
4.761999999999698,3,left_nudge,0.0032260373422342984,-2.13753422764227e-06,0.07563641117601659,0.0032260380503866828,-0.002511505436797861,22.511248223854125,-0.09481021383028732,22.511248223854125,-0.38327646121408576,-0.38679834310634437,"[0.08, 0.0]"
4.781999999999695,3,left_nudge,0.0032347203303136206,-2.4971566672185875e-06,0.07563267080753662,0.003234721294197644,-0.002582905403124416,22.591084277106415,-0.1022627621224567,22.591084277106415,-0.3845361638494008,-0.3883341443603546,"[0.08, 0.0]"
4.801999999999693,3,left_nudge,0.003243783665596111,-2.8135582326545656e-06,0.07562890162892304,0.00324378488579284,-0.0026457738826284093,22.67111319030602,-0.1087344934912928,22.67111319030602,-0.38581214084223886,-0.3898498310307426,"[0.08, 0.0]"
4.821999999999691,3,left_nudge,0.0032531845831714735,-3.0919240654063322e-06,0.07562510243494565,0.0032531860524997614,-0.0027012738392415215,22.751400820216997,-0.1143484811451753,22.751400820216997,-0.3871040834689122,-0.3913496691169453,"[0.08, 0.0]"
4.841999999999689,3,left_nudge,0.00326283761991233,-3.337040419041653e-06,0.0756212752556092,0.0032628393263772456,-0.0027503266763428836,22.83194569998329,-0.11921568581204334,22.83194569998329,-0.3884111772914804,-0.39283696470623664,"[0.08, 0.0]"
4.861999999999687,3,left_nudge,0.0032726522962929793,-3.5531951835469145e-06,0.0756174230883014,0.0032726542251859917,-0.002793684546891262,22.912719469218036,-0.12343422483709361,22.912719469218036,-0.38973236395554023,-0.39431430149639146,"[0.08, 0.0]"
4.881999999999684,3,left_nudge,0.003282553774235672,-3.7441693276384785e-06,0.07561354863637797,0.0032825559095852135,-0.0028319919112729853,22.993690275373265,-0.1270900140958602,22.993690275373265,-0.3910664978246874,-0.3957837221589078,"[0.08, 0.0]"
4.901999999999682,3,left_nudge,0.003292490306159359,-3.9132677808013295e-06,0.0756096537823613,0.0032924926317029284,-0.002865825650175388,23.074833684091924,-0.13025790939499768,23.074833684091924,-0.39241244063181835,-0.3972468656145439,"[0.08, 0.0]"
4.92199999999968,3,left_nudge,0.003302432310177859,-4.063365832722053e-06,0.07560573952255233,0.003302434809992252,-0.0028957150688554987,23.156135625675773,-0.1330029615851398,23.156135625675773,-0.39376911692509936,-0.3987050691939582,"[0.08, 0.0]"
4.941999999999678,3,left_nudge,0.0033123673442500058,-4.196959510061702e-06,0.07560180613738705,0.0033123700031432125,-0.0029221481168248097,23.237591096829135,-0.13538162399999426,23.237591096829135,-0.39513554350608976,-0.4001594430399121,"[0.08, 0.0]"
4.961999999999676,3,left_nudge,0.0033222940340575163,-4.3162142419281395e-06,0.07559785343872161,0.003322296837797542,-0.002945570649420283,23.319201237264163,-0.13744285249388916,23.319201237264163,-0.39651084146518256,-0.40161092314416713,"[0.08, 0.0]"
4.981999999999673,3,left_nudge,0.0033322167324762947,-4.4230091519470715e-06,0.07559388100017607,0.003332219667909808,-0.002966383888303544,23.40097035056768,-0.1392290830132371,23.40097035056768,-0.39789423695854076,-0.40306030857080105,"[0.08, 0.0]"
5.001999999999671,3,left_nudge,0.0033421416603483826,-4.518976007744763e-06,0.07558988832814609,0.003342144715445518,-0.0029849430260087033,23.48290361365073,-0.14077709013587233,23.48290361365073,-0.3992850552594797,-0.40450828749836715,"[0.08, 0.0]"
5.021999999999669,3,left_nudge,0.0033520745975633183,-4.6055328149152615e-06,0.07558587496545276,0.0033520777614133284,-0.0030015580542809865,23.565005668503343,-0.14211873677403378,23.565005668503343,-0.4006827113607918,-0.40595545572475533,"[0.08, 0.0]"
5.041999999999667,3,left_nudge,0.0033620198341732777,-4.683912535603868e-06,0.07558184053831253,0.003362023096947901,-0.0030164966936682288,23.647279985724644,-0.1432816269501195,23.647279985724644,-0.40208669936032754,-0.4074023303125331,"[0.08, 0.0]"
5.049999999999666,3,left_nudge,0.0033660020075013644,-4.713219960102453e-06,0.07558022080331647,0.003366005307325823,-0.0030220553958505243,23.680238478456225,-0.14370219998752207,23.680238478456225,-0.4026499674671955,-0.40798110057244286,"[0.08, 0.0]"
5.051999999999666,3,return_after_left,0.0033669803100338912,-4.717842653968076e-06,0.07557981311847685,0.0033669836153737407,-0.003022980640525402,23.688570317499227,-0.14372846568912584,23.688570317499227,-0.4027944184712832,-0.40812626282341413,"[0.0, 0.0]"
5.0719999999996634,3,return_after_left,0.0033758035581137225,-4.514922579020834e-06,0.07557540773076518,0.0033758065773232867,-0.002973918166663017,23.780712504144976,-0.13767855629444484,23.780712504144976,-0.4045433947680615,-0.4096391657525171,"[0.0, 0.0]"
5.091999999999661,3,return_after_left,0.0033852521122058297,-4.017435879321175e-06,0.07557034983385566,0.0033852544960438465,-0.0028504159394231003,23.88586012877466,-0.12546119914431694,23.88586012877466,-0.40664178782993726,-0.411275419114057,"[0.0, 0.0]"
5.111999999999659,3,return_after_left,0.0033969403136187484,-3.4085615794136887e-06,0.07556473885893658,0.0033969420237296194,-0.0027080893215635916,24.00034325218307,-0.11156903837586668,24.00034325218307,-0.4089128680713596,-0.41302698532989324,"[0.0, 0.0]"
5.131999999999657,3,return_after_left,0.0034109700960742485,-2.7883986286175196e-06,0.07555872450949604,0.0034109712358036206,-0.0025735699009666654,24.121295576244517,-0.09799494330375425,24.121295576244517,-0.4112662289590378,-0.4148750754600305,"[0.0, 0.0]"
5.151999999999655,3,return_after_left,0.003426746008584231,-2.203371298660863e-06,0.07555243605526966,0.0034267467169595478,-0.0024542522044622168,24.246522378121345,-0.0855228451253845,24.246522378121345,-0.4136554739166523,-0.4168010207284245,"[0.0, 0.0]"
5.171999999999652,3,return_after_left,0.0034435084535870742,-1.6718578235609362e-06,0.07554596996985766,0.0034435088594389047,-0.002350215633394182,24.37441168465136,-0.07438866602570664,24.37441168465136,-0.4160568928874056,-0.4187892381802393,"[0.0, 0.0]"
5.19199999999965,3,return_after_left,0.003460613848644816,-1.1984279543212019e-06,0.07553939201854762,0.003460614056155619,-0.0022596454703738664,24.50385205350715,-0.06459090800718185,24.50385205350715,-0.4184585710418157,-0.42082748242901385,"[0.0, 0.0]"
5.211999999999648,3,return_after_left,0.0034776359974322524,-7.812149281408463e-07,0.07553274292246896,0.003477636085178175,-0.0021806703742100115,24.634138095274242,-0.0560329375883924,24.634138095274242,-0.4208547890377375,-0.42290632880645423,"[0.0, 0.0]"
5.231999999999646,3,return_after_left,0.0034943617636384134,-4.1565170046477875e-07,0.07552604475335939,0.003494361788359142,-0.0021117664244634593,24.764868896362415,-0.0485869368407995,24.764868896362415,-0.42324312335031955,-0.42501855866540234,"[0.0, 0.0]"
5.251999999999644,3,return_after_left,0.0035107381648455532,-9.631615193358891e-08,0.07551930696780028,0.0035107381661667572,-0.002051717588565186,24.895851732591378,-0.0421217811219291,24.895851732591378,-0.4256229254803823,-0.4271586351917656,"[0.0, 0.0]"
5.271999999999641,3,return_after_left,0.0035268085226128174,1.8220111742248268e-07,0.07551253146817015,0.0035268085273192323,-0.0019995042292024995,25.02702123389175,-0.03651444674960394,25.02702123389175,-0.42799450585903365,-0.4293222944568513,"[0.0, 0.0]"
5.291999999999639,3,return_after_left,0.0035426580253048643,4.2492580650088464e-07,0.07550571639449427,0.003542658050788828,-0.001954224726725997,25.158378861395267,-0.03165399849613688,25.158378861395267,-0.4303586805382749,-0.43150623303768204,"[0.0, 0.0]"
5.311999999999637,3,return_after_left,0.0035583763848224064,6.363730490342046e-07,0.07549885863436832,0.0035583764417262596,-0.0019150590346387545,25.289952648305764,-0.027442317657980938,25.289952648305764,-0.4327165089675178,-0.4337078695888519,"[0.0, 0.0]"
5.331999999999635,3,return_after_left,0.003574037480372957,8.205337370255316e-07,0.07549195524102549,0.0035740375745627368,-0.001881258230282367,25.421773973142525,-0.023793472014030575,25.421773973142525,-0.4350691371753341,-0.43592516305853335,"[0.0, 0.0]"
5.351999999999633,3,return_after_left,0.003589692126556507,9.809082349663022e-07,0.07548500404732379,0.0035896922605764886,-0.0018521445455310695,25.553866787001056,-0.020632587043216848,25.553866787001056,-0.43741770313443934,-0.43815647533015456,"[0.0, 0.0]"
5.37199999999963,3,return_after_left,0.003605369120286185,1.120555996992258e-06,0.07547800377064817,0.003605369294421713,-0.0018271126710876745,25.68624475205204,-0.01789459862687653,25.68624475205204,-0.4397632814537042,-0.4404004691727556,"[0.0, 0.0]"
5.391999999999628,3,return_after_left,0.003621080307596288,1.2421471131494294e-06,0.07547095385432329,0.0036210805206445046,-0.0018056286201315755,25.818912574707873,-0.015523048146012554,25.818912574707873,-0.4421068541224008,-0.4426560340275395,"[0.0, 0.0]"
5.411999999999626,3,return_after_left,0.0036368266408115493,1.3480103288133393e-06,0.07546385421899292,0.0036368268906353607,-0.001787225672253741,25.95186892650575,-0.0134689813823232,25.95186892650575,-0.44444929864446836,-0.4449222331593144,"[0.0, 0.0]"
5.431999999999624,3,return_after_left,0.0036526034746983036,1.440175939257056e-06,0.07545670502688011,0.003652603758619987,-0.0017714982835832082,26.085109398938787,-0.01168996829559972,26.085109398938787,-0.4467913873870871,-0.44719826657923434,"[0.0, 0.0]"
5.451999999999622,3,return_after_left,0.0036684043734244096,1.520413525239207e-06,0.07544950650593663,0.0036684046885010688,-0.0017580951019932228,26.218628761801913,-0.010149241737950555,26.218628761801913,-0.44913379360130135,-0.4494834450929059,"[0.0, 0.0]"
5.471999999999619,3,return_after_left,0.0036842233733973225,1.5902650110519164e-06,0.07544225884359806,0.0036842237166097762,-0.0017467119854093522,26.35242234114178,-0.008814945698949929,26.35242234114178,-0.4514771008440059,-0.45177717183478017,"[0.0, 0.0]"
5.491999999999617,3,return_after_left,0.003700055999052705,1.6510736148112549e-06,0.07543496213949992,0.0037000563674314466,-0.001737085560515959,26.48648663265195,-0.007659481390000437,26.48648663265195,-0.4538218135823784,-0.45407892862478383,"[0.0, 0.0]"
5.499999999999616,3,return_after_left,0.003706392184369082,1.6731323998919926e-06,0.07543202973021396,0.0037063925620101604,-0.0017336746673928282,26.540187605868713,-0.007241900560178953,26.540187605868713,-0.454760191917688,-0.4550017768477316,"[0.0, 0.0]"
5.501999999999616,3,right_nudge,0.003707958224225766,1.6755143638259884e-06,0.07543129257096658,0.003707958602782922,-0.001733234622078995,26.553706954557498,-0.007216539715782757,26.553706954557498,-0.45499529587098575,-0.4552361653039222,"[0.0, -0.08]"
5.521999999999614,3,right_nudge,0.0037226054848122645,1.413786415546573e-06,0.07542351362813815,0.003722605753279063,-0.0017873805809533708,26.697746303246355,-0.013285090955773177,26.697746303246355,-0.45740839085627044,-0.45788543228589956,"[0.0, -0.08]"
5.541999999999612,3,right_nudge,0.0037378256798356324,8.175587957902305e-07,0.0754149588364152,0.0037378257692462194,-0.001922438890900544,26.854869799004998,-0.025524771606336878,26.854869799004998,-0.4599464751674288,-0.4608857067142272,"[0.0, -0.08]"
5.5619999999996095,3,right_nudge,0.003755260227342207,9.385824145576305e-08,0.07540575635565688,0.003755260228515144,-0.0020819236438978516,27.021426677379903,-0.0394369386258857,27.021426677379903,-0.46260161622616225,-0.4640602542456616,"[0.0, -0.08]"
5.581999999999607,3,right_nudge,0.003775013733264203,-6.453475735802306e-07,0.07539607837496541,0.003775013788426054,-0.002236853625425082,27.194548156874767,-0.0530292938321031,27.194548156874767,-0.46535499253656465,-0.4673186906210765,"[0.0, -0.08]"
5.601999999999605,3,right_nudge,0.003796487714365914,-1.3478137049542402e-06,0.0753860700068248,0.00379648795361359,-0.002378048227562114,27.37203222121592,-0.06551938011496157,27.37203222121592,-0.468187867672543,-0.47061462271812826,"[0.0, -0.08]"
5.621999999999603,3,right_nudge,0.0038189215140466168,-1.9924436985928757e-06,0.07537583834511309,0.0038189220338048268,-0.0025040811426412985,27.552261522423883,-0.07667210431896386,27.552261522423883,-0.4710845956176759,-0.47392432367050313,"[0.0, -0.08]"
5.641999999999601,3,right_nudge,0.003841673828591381,-2.5736020398710435e-06,0.0753654558462495,0.003841674690640974,-0.0026158066414568044,27.73412260119961,-0.08648908903315304,27.73412260119961,-0.47403288383581527,-0.47723585144665437,"[0.0, -0.08]"
5.6619999999995985,3,right_nudge,0.0038643228331779536,-3.0929487087317384e-06,0.07535496703454615,0.003864324070953703,-0.002714539872732015,27.916910581738918,-0.09506671175184067,27.916910581738918,-0.47702327649992715,-0.48054345807027454,"[0.0, -0.08]"
5.681999999999596,3,right_nudge,0.003886660111419633,-3.5552557211875008e-06,0.07534439576648859,0.003886661737473911,-0.002801623884503285,28.100226200581464,-0.10253244826502073,28.100226200581464,-0.4800485360313745,-0.4838446950251678,"[0.0, -0.08]"
5.701999999999594,3,right_nudge,0.003908636461717349,-3.966321827991771e-06,0.07533375198778236,0.003908638474146101,-0.002878377441896019,28.28387836859052,-0.10901715862897786,28.28387836859052,-0.48310311446637416,-0.48713889407187133,"[0.0, -0.08]"
5.721999999999592,3,right_nudge,0.003930297464698196,-4.3319871600216165e-06,0.07532303736050354,0.003930299852062921,-0.002946087386345353,28.46780268429318,-0.1146437301059413,28.46780268429318,-0.48618274069532613,-0.4904263506083649,"[0.0, -0.08]"
5.74199999999959,3,right_nudge,0.00395172905362935,-4.657711055220305e-06,0.07531224945899764,0.003951731798537268,-0.003005978374983695,28.6520007218811,-0.11952307408107285,28.6520007218811,-0.4892841053483352,-0.4937078688943487,"[0.0, -0.08]"
5.7619999999995875,3,right_nudge,0.0039730205271922975,-4.9484256211004585e-06,0.07530138453513441,0.00397302360884094,-0.0030591724907261266,28.836499888825323,-0.12375335697425373,28.836499888825323,-0.49240462071913366,-0.49698449827633184,"[0.0, -0.08]"
5.781999999999585,3,right_nudge,0.003994244665915849,-5.208515193935504e-06,0.07529043907215613,0.003994248061879449,-0.0031066588620395487,29.02133045419893,-0.12742058920224222,29.02133045419893,-0.49554223821781995,-0.500257375164667,"[0.0, -0.08]"
5.801999999999583,3,right_nudge,0.004015450928386369,-5.441847220401914e-06,0.07527941045044635,0.004015454615853617,-0.0031492822753396263,29.206515042784293,-0.13059972427173433,29.206515042784293,-0.4986953108583241,-0.503527627667352,"[0.0, -0.08]"
5.821999999999581,3,right_nudge,0.00403666680169742,-5.651820023337057e-06,0.07526829705368093,0.004036670758310077,-0.0031877494112514107,29.392065980575925,-0.13335588997484518,29.392065980575925,-0.5018624913991219,-0.5067963199700156,"[0.0, -0.08]"
5.841999999999579,3,right_nudge,0.00405790303191541,-5.841412953146744e-06,0.07525709808733845,0.004057907236314498,-0.0032226463543422825,29.57798675100014,-0.13574558822635682,29.57798675100014,-0.5050426584562365,-0.5100644230561613,"[0.0, -0.08]"
5.861999999999576,3,right_nudge,0.0040791597292003596,-6.0132337270824285e-06,0.07524581330074871,0.004079164161358281,-0.003254460478634523,29.764274962237614,-0.13781779805627825,29.764274962237614,-0.5082348639796117,-0.513332802967841,"[0.0, -0.08]"
5.881999999999574,3,right_nudge,0.00410043163633968,-6.169561611414671e-06,0.0752344427254499,0.004100436277737501,-0.003283601568401595,29.95092529433794,-0.13961496092105857,29.95092529433794,-0.5114382964273047,-0.5166022203236794,"[0.0, -0.08]"
5.901999999999572,3,right_nudge,0.004121711872032832,-6.3123864271568865e-06,0.07522298648081102,0.004121716705728184,-0.0033104193737937084,30.137931720902113,-0.14117384759400642,30.137931720902113,-0.5146522549695304,-0.5198733364861967,"[0.0, -0.08]"
5.92199999999957,3,right_nudge,0.004142994124008446,-6.443443664163172e-06,0.0752114446568666,0.004142999134628774,-0.003335216760700789,30.32528884211133,-0.14252631454511738,30.32528884211133,-0.5178761310927168,-0.5231467230793134,"[0.0, -0.08]"
5.941999999999568,3,right_nudge,0.004164273606962094,-6.564245973722137e-06,0.07519981726210068,0.004164278780649332,-0.003358258856330297,30.51299245830362,-0.14369996095198678,30.51299245830362,-0.5211093949635124,-0.5264228726349464,"[0.0, -0.08]"
5.949999999999567,3,right_nudge,0.0041727838758880455,-6.6099966837913864e-06,0.07519514232896068,0.0041727891112453095,-0.0033670374760223134,30.588170225648952,-0.14412481811879496,30.588170225648952,-0.5224052235588604,-0.5277342031145659,"[0.0, -0.08]"
5.9519999999995665,3,return_after_right,0.004174929590385993,-6.617687977010969e-06,0.07519397505460743,0.004174934835236918,-0.0033688943599775086,30.606885698368153,-0.1441516813238944,30.606885698368153,-0.5227289439423219,-0.5280586265090029,"[0.0, 0.0]"
5.971999999999564,3,return_after_right,0.004183056135798205,-6.800272758110094e-06,0.07519069661797027,0.004183061663297422,-0.0033640140995768136,30.757794160186307,-0.13878355988258306,30.757794160186307,-0.5256919298622849,-0.5307974792275043,"[0.0, 0.0]"
5.991999999999562,3,return_after_right,0.004132323015227066,-8.451570065940416e-06,0.07520705171407341,0.004132331657939848,-0.0032072024496344145,30.79080492202734,-0.13012302248023772,30.79080492202734,-0.5275505918638399,-0.5322686932315516,"[0.0, 0.0]"
6.01199999999956,3,return_after_right,0.004071701999822302,-1.0613751415853528e-05,0.07521692754117469,0.00407171583329142,-0.0028949469707748397,30.789976479014523,-0.12080573753360897,30.789976479014523,-0.5288304459748326,-0.5331340875811963,"[0.0, 0.0]"
6.031999999999558,3,return_after_right,0.004025144853083396,-1.2768220863930845e-05,0.07522111197433214,0.004025165104162534,-0.002604116888329014,30.788219202254265,-0.11181562450935917,30.788219202254265,-0.5298281769006356,-0.533733004277858,"[0.0, 0.0]"
6.0519999999995555,3,return_after_right,0.003995677417300357,-1.4746226307855889e-05,0.07522328030502226,0.003995704628011732,-0.002394398806828162,30.792113052697914,-0.1034966542632178,30.792113052697914,-0.5306561569394834,-0.5341912637773192,"[0.0, 0.0]"
6.071999999999553,3,return_after_right,0.003977671097392923,-1.6516765982702714e-05,0.07522545502158028,0.003977705389114879,-0.002256815019801538,30.80003546658394,-0.09591917144288352,30.80003546658394,-0.5313709273358265,-0.5345682794654617,"[0.0, 0.0]"
6.091999999999551,3,return_after_right,0.003964764979724061,-1.8095924096682756e-05,0.07522805606145604,0.003964806276089067,-0.0021656538655629937,30.809148063686873,-0.08905451922273001,30.809148063686873,-0.532009165689346,-0.5348998279814113,"[0.0, 0.0]"
6.111999999999549,3,return_after_right,0.003953871780059127,-1.9509189955136665e-05,0.07523074005786581,0.003953919910878398,-0.002101387638212694,30.817956416468046,-0.08284524148262663,30.817956416468046,-0.5325889292066307,-0.5352018004481646,"[0.0, 0.0]"
6.131999999999547,3,return_after_right,0.00394377896723496,-2.0778674436536394e-05,0.07523326963201578,0.00394383370538315,-0.0020529127180268676,30.82594849093628,-0.07723097170604935,30.82594849093628,-0.5331198706110585,-0.5354813858652865,"[0.0, 0.0]"
6.1519999999995445,3,return_after_right,0.003934141097534586,-2.192178303601497e-05,0.07523557095472617,0.0039342021732343795,-0.00201457034743069,30.83308390359722,-0.07215521885690693,30.83308390359722,-0.5336079876997594,-0.5357421678401714,"[0.0, 0.0]"
6.171999999999542,3,return_after_right,0.003924939381783985,-2.295243456408373e-05,0.07523765254665829,0.0039250064923425625,-0.0019835041307614994,30.839483995373858,-0.06756659211999683,30.839483995373858,-0.5340575666996636,-0.5359861811826995,"[0.0, 0.0]"
6.19199999999954,3,return_after_right,0.003916232600081585,-2.388225487529374e-05,0.0752395467367076,0.0039163054196576265,-0.001958128719198127,30.8452881473676,-0.06341859593896526,30.8452881473676,-0.5344720144131927,-0.5362147713378874,"[0.0, 0.0]"
6.211999999999538,3,return_after_right,0.0039080660266492,-2.4721322856722787e-05,0.07524128424327797,0.003908144215923135,-0.0019374036058721926,30.85060583990258,-0.05966916520258047,30.85060583990258,-0.5348542337773254,-0.5364289669720093,"[0.0, 0.0]"
6.231999999999536,3,return_after_right,0.003900452433927781,-2.547857496576377e-05,0.07524288765228505,0.003900535648743059,-0.0019205359964028735,30.85551187833554,-0.056280221033874776,30.85551187833554,-0.5352068009083545,-0.5366296444629567,"[0.0, 0.0]"
6.2519999999995335,3,return_after_right,0.0038933786749371403,-2.616202160878184e-05,0.07524437234909613,0.0038934665733546424,-0.0019068730939293121,30.86005551384936,-0.0532172856057986,30.86005551384936,-0.535532051571432,-0.5368175996466036,"[0.0, 0.0]"
6.271999999999531,3,return_after_right,0.003886816936574045,-2.6778874841255408e-05,0.07524574910834449,0.00388690918424609,-0.0018958647717189816,30.864270602627617,-0.05044914477494816,30.864270602627617,-0.5358321254864913,-0.5369935777053226,"[0.0, 0.0]"
6.291999999999529,3,return_after_right,0.0038807334839502422,-2.733563745965071e-05,0.07524702621947739,0.0038808297579935027,-0.0018870475289722475,30.86818283119305,-0.04794754571883625,30.86818283119305,-0.5361089912422272,-0.5371582846799903,"[0.0, 0.0]"
6.311999999999527,3,return_after_right,0.0038750937823468948,-2.783817492371326e-05,0.07524821075280931,0.003875193773989456,-0.0018800332090710863,30.871813838045544,-0.04568692222525313,30.871813838045544,-0.5363644625936086,-0.5373123915045018,"[0.0, 0.0]"
6.331999999999525,3,return_after_right,0.0038698648921211315,-2.8291778149033518e-05,0.07524930916293147,0.003869968308395113,-0.0018744985080641635,30.87518318377237,-0.04364414401010775,30.87518318377237,-0.5366002110518993,-0.5374565354246855,"[0.0, 0.0]"
6.3519999999995225,3,return_after_right,0.0038650162816871074,-2.8701219896521617e-05,0.0752503275130275,0.0038651228463956982,-0.0018701750648955804,30.878309126340834,-0.04179828804939074,30.878309126340834,-0.5368177768304924,-0.5375913207807888,"[0.0, 0.0]"
6.37199999999952,3,return_after_right,0.0038605198942089736,-2.9070805717296936e-05,0.0752512715277497,0.003860629348348313,-0.0018668405486125918,30.881208849661494,-0.04013043038506937,30.881208849661494,-0.5370185789057758,-0.5377173198280419,"[0.0, 0.0]"
6.391999999999518,3,return_after_right,0.0038563499441760744,-2.9404419949590864e-05,0.07525214658997456,0.003856462045950846,-0.001864310970064382,30.883898498268813,-0.03862345692558353,30.883898498268813,-0.537203924415261,-0.5378350737391486,"[0.0, 0.0]"
6.399999999999517,3,return_after_right,0.0038547679805035965,-2.9528590509191003e-05,0.07525247844722611,0.0038548810774358833,-0.0018634895047589827,30.8849189547301,-0.03806219711855657,30.8849189547301,-0.5372740077660204,-0.5378799821614025,"[0.0, 0.0]"
